"PREFIX","LO_BAND","LO_BAND_FULL","HI_BAND","HI_BAND_FULL","ORDER_SIZE","METAL","SUPPLIER","QUOTE_NO","QUOTE_REQUEST","QUOTE_IN","ORDER_NO","DATE_BANDS_IN","Reference","Notes","Errors"
"015",,,"25000","01525000",,,,"GEY/01",,,"PW4078","19/05/86","Size 01 Bands.pdf","Field 'date' on pg 2 taken to be 'DATE_BANDS_IN'",
"015",,,"55000","01555000",,,,"LAM/01",,,"PW6169","02/09/86","Size 01 Bands.pdf","Field 'date' on pg 2 taken to be 'DATE_BANDS_IN'",
"015",,,"75000","01575000",,,,"LAM/06",,,"PW6613","04/02/87","Size 01 Bands.pdf","Field 'date' on pg 2 taken to be 'DATE_BANDS_IN'",
"015",,,"99999","01599999",,,,"LAM/07",,,"PW0526/88","17/07/87","Size 01 Bands.pdf","Field 'date' on pg 2 taken to be 'DATE_BANDS_IN'",
"016",,,"15000","01615000",,,,"LAM/07",,,"PW0526/88","17/07/87","Size 01 Bands.pdf","Field 'date' on pg 2 taken to be 'DATE_BANDS_IN'",
"016",,,"55000","01655000",,"AY",,"LAM/008",,,"PW1803/89","14/10/88","Size 01 Bands.pdf","Field 'date' on pg 2 taken to be 'DATE_BANDS_IN'",
"017","00001","01700001","05000","01705000","05000","AY",,"LAM010",,,"01/1102/90","10/05/90","Size 01 Bands.pdf","Field 'date' on pg 2 taken to be 'DATE_BANDS_IN'",
"017","05001","01705001","48000","01748000","43000","AY",,"LAM011",,,"01/3075/91","00-12-1990","Size 01 Bands.pdf","Field 'date' on pg 2 taken to be 'DATE_BANDS_IN'",
"017","48001","01748001","58000","01758000","10000","AY",,"LAM012",,,,,"Size 01 Bands.pdf","Field 'date' on pg 2 taken to be 'DATE_BANDS_IN'",
"017","58001","01758001","70000","01770000","12000","AY",,,,,"10482/94","31/03/94","Size 01 Bands.pdf","Field 'date' on pg 2 taken to be 'DATE_BANDS_IN'",
"017","70001","01770001","99999","01799999","29999","AY","Lambournes",,"22/09/94","17/10/94","13649/95","03/04/95","Size 01 Bands.pdf",,
"018","00001","01800001","19000","01819000","19000","AY","Lambournes",,"05/12/95","08/12/95","20222/96","11/04/96","Size 01 Bands.pdf",,
"018","19001","01819001","45000","01845000","26000","AY","Lambournes",,"04/12/96","04/12/97","26499/97","19/05/97","Size 01 Bands.pdf",,
"018","45001","01845001","58000","01858000","13000","AY","Lambournes",,"30/09/97","03/10/97","30771/98","27/03/98","Size 01 Bands.pdf",,
"018","58001","01858001","68000","01868000","10000","AY","Lambournes",,"12/06/98","23/06/98","35136/99","17/02/99","Size 01 Bands.pdf",,
"018","68001","01868001","78000","01878000","10000","AY","Lambournes",,"12/04/99","30/04/99",100000830,"17/09/99","Size 01 Bands.pdf",,
"018","78001","01878001","91000","01891000","13000","AY","Lambournes",,"04/04/00",,,"23/08/00","Size 01 Bands.pdf",,
"018","91001","01891001","99999","01899999","09000","AY","WT",,"27/07/01","20/08/01",10004029,"10/10/01","Size 01 Bands.pdf",,
"019","00001","01900001","20000","01920000","20000","AY","WT",,"27/07/01","20/08/01",10004029,"08/01/02","Size 01 Bands.pdf",,
"019","20001","01920001","35000","01935000","15000","AY","WT",,"24/09/02","02/10/02",45023056,"19/02/03","Size 01 Bands.pdf",,
"019","35001","01935001","56000","01956000","21000","AY","WT",,"07/11/03","20/11/03",45027702,,"Size 01 Bands.pdf",,
"019","56001","01956001","66000","01966000","10000","AY","WT",,"17/11/04","19/11/04",45035378,"14/02/05","Size 01 Bands.pdf",,
"019","66001","01966001","84000","01984000","18000","AY","WT",,"29/11/05","30/11/06",15042570,"05/04/06","Size 01 Bands.pdf",,
"019","84001","01984001","93000","01993000","09000","AY","WT",,"20/10/06","21/10/06",45047987,"03/01/07","Size 01 Bands.pdf",,
"019","93001","01993001","99999","01999999","07000","AY","WT",,"29/10/07","30/10/07",45053441,"24/01/08","Size 01 Bands.pdf",,
"01A","00001","01A00001","06000","01A06000","06000","AY","WT",,"29/10/07","30/10/07",45053441,"24/01/08","Size 01 Bands.pdf",,
"01A","06001","01A06001","12000","01A12000","06000","AY","WT",,"10/10/08",,,"23/04/09","Size 01 Bands.pdf",,
"01A","12001","01A12001","28000","01A28000","16000","AY","WT",,"23/12/09",,,"02/06/10","Size 01 Bands.pdf",,
"01A","28001","01A28001","38000","01A38000","10000","AY","WT",,"07/12/10",,1897,"17/06/11","Size 01 Bands.pdf",,
"01A","38001","01A38001","48000","01A48000","10000","AY","WT",,"20/01/11",,1897,"17/06/11","Size 01 Bands.pdf",,
"01A","48001","01A48001","58000","01A58000","10000","AY","WT",,"02/11/11","03/11/11",2047,"01/02/12","Size 01 Bands.pdf",,
"01A","58001","01A58001","88000","01A88000","30000","AY","WT",,"00-11-2012","00-11-2012",,"07/05/13","Size 01 Bands.pdf",,
"01A","88001","01A88001","99999","01A99999","12000","AY","WT",,,,,,"Size 01 Bands.pdf",,
"01C","00001","01C00001","10000","01C10000","10000","AY","WT",,,,,,"Size 01 Bands.pdf",,
"01C","10001","01C10001","20000","01C20000","10000","AY","WT",,"17/10/14",,,,"Size 01 Bands.pdf",,
"01C","20001","01C20001","30000","01C30000","10000","AY","WT",,"03/11/15","10/11/15",,"10/02/16","Size 01 Bands.pdf",,
"023",,,"70000","02370000",,,,"GEY/01",,,"PW4078","19/05/86","Size 02 Bands.pdf","Field 'date' on pg 2 taken to be 'DATE_BANDS_IN'",
"023","70001","02370001","99999","02399999","29999",,,"LAM/01",,,"PW6169","02/09/86","Size 02 Bands.pdf","Field 'date' on pg 2 taken to be 'DATE_BANDS_IN'",
"024","00001","02400001","30000","02430000","30000",,,"LAM/07",,,"PW0526/88","17/07/87","Size 02 Bands.pdf","Field 'date' on pg 2 taken to be 'DATE_BANDS_IN'",
"024","30001","02430001","70000","02470000","40000","AY",,"LAM/008",,,"PW1803/89","14/10/88","Size 02 Bands.pdf","Field 'date' on pg 2 taken to be 'DATE_BANDS_IN'",
"025","00001","02500001","10000","02510000","10000","AY",,"LAM/010",,,"01/1102/90","10/05/90","Size 02 Bands.pdf","Field 'date' on pg 2 taken to be 'DATE_BANDS_IN'",
"025","10001","02510001","40000","02540000","30000","AY",,"LAM/012",,,"01/4665/92",,"Size 02 Bands.pdf",,
"025","40001","02540001","58000","02558000","18000","AY","Lambournes",,,,,,"Size 02 Bands.pdf",,
"025","58001","02558001","73000","02573000","15000","AY","Lambournes",,"22/09/94","17/10/94","13649/95","03/04/95","Size 02 Bands.pdf",,
"025","73001","02573001","86000","02586000","13000","AY","Lambournes",,"05/12/95","08/12/95","20222/96","11/04/96","Size 02 Bands.pdf",,
"025","86001","02586001","99999","02599999","14000","AY","Lambournes",,"04/12/96","04/12/96","26499/97","19/05/97","Size 02 Bands.pdf",,
"026","00001","02600001","06000","02606000","06000","AY","Lambournes",,"04/12/96","04/12/96","26499/97","19/05/97","Size 02 Bands.pdf",,
"026","06001","02606001","12000","02612000","06000","AY","Lambournes",,"03/10/97","03/10/97","30771/98","27/03/98","Size 02 Bands.pdf",,
"026","12001","02612001","17000","02617000","05000","AY","Lambournes",,"04/04/00",,,,"Size 02 Bands.pdf",,
"026","17001","02617001","28000","02628000","11000","AY","WT",,"27/07/01","20/08/01",10004029,"10/10/01","Size 02 Bands.pdf",,
"026","28001","02628001","39000","02639000","11000","AY","WT",,"24/09/02","02/10/02",45023056,"19/02/03","Size 02 Bands.pdf",,
"026","39001","02639001","44000","02644000","05000","AY","WT",,"07/11/03","20/11/03",45027702,"01/03/04","Size 02 Bands.pdf",,
"026","44001","02644001","49000","02649000","05000","AY","WT",,"17/11/04","19/11/05",45035378,"14/02/05","Size 02 Bands.pdf",,
"026","49001","02649001","55000","02655000","06000","AY","WT",,"29/11/05","30/11/05",45042570,"05/04/06","Size 02 Bands.pdf",,
"026","55001","02655001","67000","02667000","12000","AY","WT",,"20/10/06","21/10/06",45047987,"03/01/07","Size 02 Bands.pdf",,
"026","67001","02667001","79000","02679000","12000","AY","WT",,"29/10/07","30/10/07",45053441,"24/01/08","Size 02 Bands.pdf",,
"026","79001","02679001","92000","02692000","13000","AY","WT",,"10/10/08",,,"01/04/09","Size 02 Bands.pdf",,
"026","92001","02692001","99999","02699999","08000","AY","WT",,"23/12/09",,,"02/06/10","Size 02 Bands.pdf",,
"027","00001","02700001","04000","02704000","04000","AY","WT",,"23/12/09",,,"02/06/10","Size 02 Bands.pdf",,
"027","04001","02704001","14000","02714000","10000","AY","WT",,"07/12/10",,1897,"17/06/11","Size 02 Bands.pdf",,
"027","14001","02714001","24000","02724000","10000","AY","WT",,"20/01/11",,1987,"17/06/11","Size 02 Bands.pdf",,
"027","24001","02724001","34000","02734000","10000","AY","WT",,,,,,"Size 02 Bands.pdf",,
"027","34001","02734001","44000","02744000","10000","AY","WT",,"03/11/15","10/11/15",,"10/02/15","Size 02 Bands.pdf",,
"030","60001","03060001","70000","03070000","10000","ML","Grey",,,,,"08/04/63","Size 03 Bands.pdf","Field 'date' on pg 2 and 3 taken to be 'DATE_BANDS_IN'",
"030","70001","03070001","90000","03090000","20000","ML","Grey",,,,,"24/12/63","Size 03 Bands.pdf","Field 'date' on pg 2 and 3 taken to be 'DATE_BANDS_IN'",
"030","90001","03090001","99999","03099999","10000","ML","Grey",,,,,"00-00-1964","Size 03 Bands.pdf","Field 'date' on pg 2 and 3 taken to be 'DATE_BANDS_IN'",
"032",,,"99999","03299999",,,,"GEY/01",,,"PW4078","19/05/86","Size 03 Bands.pdf","Field 'date' on pg 2 and 3 taken to be 'DATE_BANDS_IN'",
"033","00001","03300001","01000","03301000","01000","AY",,"LAM/05",,,"PW6169","19/05/86","Size 03 Bands.pdf","Field 'date' on pg 2 and 3 taken to be 'DATE_BANDS_IN'",
"033","01001","03301001","11000","03311000","10000",,,"LAM/04",,,"PW4706","01/05/86","Size 03 Bands.pdf","Field 'date' on pg 2 and 3 taken to be 'DATE_BANDS_IN'",
"033","11001","03311001","01000","03301000","-10000","AY",,"LAM/05",,,"PW6169","02/09/86","Size 03 Bands.pdf","Field 'date' on pg 2 and 3 taken to be 'DATE_BANDS_IN'","ERROR: appears to be a later-ordered line of a previously-cancelled run of numbers. Line above corrected; this line should be treated as not occurring"
"033","01001","03301001","40000","03340000","39000","AY",,"LAM/05",,,"PW6169","02/09/86","Size 03 Bands.pdf","Field 'date' on pg 2 and 3 taken to be 'DATE_BANDS_IN'",
"033","40001","03340001","45000","03345000","05000","IN",,"LAM/05",,,"PW6169","02/09/86","Size 03 Bands.pdf","Field 'date' on pg 2 and 3 taken to be 'DATE_BANDS_IN'",
"033","45001","03345001","65000","03365000","20000","AY",,"LAM",,,"PW0526/88","17/07/87","Size 03 Bands.pdf","Field 'date' on pg 2 and 3 taken to be 'DATE_BANDS_IN'",
"033","65001","03365001","71000","03371000","06000","IN",,"LAM",,,"PW0526/88","17/07/87","Size 03 Bands.pdf","Field 'date' on pg 2 and 3 taken to be 'DATE_BANDS_IN'",
"033","71001","03371001","82000","03382000","11000","IN",,"LAM/008",,,"PW1803/89","14/10/88","Size 03 Bands.pdf","Field 'date' on pg 2 and 3 taken to be 'DATE_BANDS_IN'",
"034","00001","03400001","12000","03412000","12000","AY",,"LAM/008",,,"PW1803/89","14/10/88","Size 03 Bands.pdf","Field 'date' on pg 2 and 3 taken to be 'DATE_BANDS_IN'",
"034","12001","03412001","15000","03415000","03000","IN",,"LAM/009",,,"PW2579/89","15/05/89","Size 03 Bands.pdf","Field 'date' on pg 2 and 3 taken to be 'DATE_BANDS_IN'",
"034","15001","03415001","55000","03455000","40000","AY",,"LAM010",,,"01/1102/90","10/05/90","Size 03 Bands.pdf","Field 'date' on pg 2 and 3 taken to be 'DATE_BANDS_IN'",
"034","55001","03455001","61000","03461000","06000","IN",,"LAM011",,,"01/4665/92","00-02-91","Size 03 Bands.pdf","Field 'date' on pg 2 and 3 taken to be 'DATE_BANDS_IN'",
"034","61001","03461001","91000","03491000","30000","AY",,"LAM012",,,"01/4665/92",,"Size 03 Bands.pdf","Field 'date' on pg 2 and 3 taken to be 'DATE_BANDS_IN'",
"034","91001","03491001","93000","03493000","02000","IN",,"LAM012",,,"01/4665/92",,"Size 03 Bands.pdf","Field 'date' on pg 2 and 3 taken to be 'DATE_BANDS_IN'",
"034","93001","03493001","98000","03498000","05000","IN",,"LAM013",,,"01/7744/93",,"Size 03 Bands.pdf","Field 'date' on pg 2 and 3 taken to be 'DATE_BANDS_IN'",
"034","98001","03498001","99999","03499999","01999","IN",,,,,"10482/94","31/03/94","Size 03 Bands.pdf","Field 'date' on pg 2 and 3 taken to be 'DATE_BANDS_IN'",
"035","00001","03500001","03000","03503000","03000","IN",,,,,"10482/94","31/03/94","Size 03 Bands.pdf","Field 'date' on pg 2 and 3 taken to be 'DATE_BANDS_IN'",
"035","03001","03503001","11000","03511000","08000","IN","Lambournes",,"22/09/94","17/10/94","13649/95","03/04/95","Size 03 Bands.pdf",,
"035","11001","03511001","20000","03520000","09000","AY","Lambournes",,"22/09/94","17/10/94","13649/95","03/04/95","Size 03 Bands.pdf",,
"035","20001","03520001","36000","03536000","16000","AY","Lambournes",,"05/12/95","08/12/95","20222/96","11/04/96","Size 03 Bands.pdf",,
"035","36001","03536001","39000","03539000","03000","IN","Lambournes",,"05/12/95","08/12/95","20222/96","11/04/96","Size 03 Bands.pdf",,
"035","39001","03539001","41000","03541000","02000","IN","Lambournes",,"05/12/95","08/12/95","20222/96","11/04/96","Size 03 Bands.pdf",,
"035","41001","03541001","54000","03554000","13000","AY","Lambournes",,"04/12/96","04/12/96","26499/97","19/05/97","Size 03 Bands.pdf",,
"035","54001","03554001","55000","03555000","01000","IN","Lambournes",,"04/12/96","04/12/96","26499/97","19/05/97","Size 03 Bands.pdf",,
"035","55001","03555001","64000","03564000","09000","AY","Lambournes",,"30/09/97","03/10/97","30771/98","27/03/98","Size 03 Bands.pdf",,
"035","64001","03564001","68000","03568000","04000","AY","Lambournes",,"12/06/98","23/06/98","35136/99","01/02/99","Size 03 Bands.pdf",,
"035","68001","03568001","78000","03578000","10000","IN","Lambournes",,"12/06/98","23/06/98","35136/99","01/02/99","Size 03 Bands.pdf",,
"035","78001","03578001","88000","03588000","10000","IN","Lambournes",,"12/04/99","30/04/99",100000830,"17/09/99","Size 03 Bands.pdf",,
"035","88001","03588001","93000","03593000","05000","AY","Lambournes",,"12/04/99","30/04/99",100000830,"17/09/99","Size 03 Bands.pdf",,
"035","93001","03593001","98000","03598000","05000","AY","Lambournes",,"04/04/00",,,,"Size 03 Bands.pdf",,
"035","98001","03598001","99999","03599999","02000","IN","Lambournes",,"04/04/00",,,,"Size 03 Bands.pdf",,
"036","00001","03600001","06000","03606000","06000","IN","Lambournes",,"04/04/00",,,,"Size 03 Bands.pdf",,
"036","06001","03606001","22000","03622000","16000","IN","WT",,"27/07/01","20/08/01",10004024,"08/01/02","Size 03 Bands.pdf",,
"036","22001","03622001","37000","03637000","15000","AY","WT",,"27/07/01","20/08/01",10004024,"08/01/02","Size 03 Bands.pdf",,
"036","37001","03637001","47000","03647000","10000","AY","WT",,"24/09/02","02/10/02",45023056,"19/02/03","Size 03 Bands.pdf",,
"036","47001","03647001","50000","03650000","03000","IN","WT",,"24/09/02","02/10/02",45023056,"19/02/03","Size 03 Bands.pdf",,
"036","50001","03650001","60000","03660000","10000","IN","WT",,"07/11/03","20/11/03",45027702,,"Size 03 Bands.pdf",,
"036","60001","03660001","71000","03671000","11000","AY","WT",,"07/11/03","20/11/03",45027702,,"Size 03 Bands.pdf",,
"036","71001","03671001","99999","03699999","29000","IN","WT",,"20/05/05","21/05/05",45038721,"05/04/06","Size 03 Bands.pdf",,
"037","00001","03700001","11000","03711000","11000","IN","WT",,"20/05/05","21/05/05",45038721,"05/04/06","Size 03 Bands.pdf",,
"037","11001","03711001","16000","03716000","05000","AY","WT",,"29/11/05","30/11/05",45042570,"06/04/06","Size 03 Bands.pdf",,
"037","16001","03716001","25000","03725000","09000","AY","WT",,"20/10/06","21/10/06",45047987,"03/01/07","Size 03 Bands.pdf",,
"037","25001","03725001","35000","03735000","10000","AY","WT",,"29/10/07","30/10/07",45053441,"24/08/08","Size 03 Bands.pdf",,
"037","35001","03735001","40000","03740000","05000","AY","WT",,"10/10/08",,,"01/04/09","Size 03 Bands.pdf",,
"037","40001","03740001","50000","03750000","10000","AY","WT",,"02/11/11","03/11/11",,"01/02/12","Size 03 Bands.pdf",,
"037","50001","03750001","56000","03756000","06000","AY","WT",,"02/12/12",,,,"Size 03 Bands.pdf",,
"037","56001","03756001","66000","03766000","10000","AY","WT",,,,,"07/02/14","Size 03 Bands.pdf","* wrong prefix on bands",
"037","66001","03766001","76000","03776000","10000","AY","WT",,"22/10/14",,,,"Size 03 Bands.pdf",,
"040","40001","04040001","45000","04045000","05000","ML","Grey",,,,,"08/04/63","Size 04 Bands.pdf",,
"040","45001","04045001","50000","04050000","05000","ML","Grey",,,,,"24/12/63","Size 04 Bands.pdf",,
"040","50001","04050001","55000","04055000","05000","ML","Grey",,,,,"29/05/64","Size 04 Bands.pdf",,
"040","55001","04055001","65000","04065000","10000","ML","Grey",,,,,"00-00-1964","Size 04 Bands.pdf",,
"041",,,"43000","04143000",,"AY",,"LAM/05",,,"PW6169","02/09/86","Size 04 Bands.pdf","Field 'date' on pg 2 taken to be 'DATE_BANDS_IN'",
"041","43001","04143001","48000","04148000","05000","IN",,"LAM/05",,,"PW6169","02/09/86","Size 04 Bands.pdf","Field 'date' on pg 2 taken to be 'DATE_BANDS_IN'",
"041","48001","04148001","58000","04158000","10000","AY",,"PW0526/88",,,"LAM","17/07/87","Size 04 Bands.pdf","Field 'date' on pg 2 taken to be 'DATE_BANDS_IN'",
"041","58001","04158001","64000","04164000","06000","IN",,"LAM",,,"PW0526/88","17/07/87","Size 04 Bands.pdf","Field 'date' on pg 2 taken to be 'DATE_BANDS_IN'",
"041","64001","04164001","69000","04169000","05000","IN",,"LAM/008",,,"PW1803/89","14/10/88","Size 04 Bands.pdf","Field 'date' on pg 2 taken to be 'DATE_BANDS_IN'",
"041","69001","04169001","71000","04171000","02000","IN",,"LAM010",,,"01/1102/90","10/05/90","Size 04 Bands.pdf","Field 'date' on pg 2 taken to be 'DATE_BANDS_IN'",
"041","71001","04171001","81000","04181000","10000","AY",,"LAM010",,,"01/1102/90","10/05/90","Size 04 Bands.pdf","Field 'date' on pg 2 taken to be 'DATE_BANDS_IN'",
"041","81001","04181001","84000","04184000","03000","IN",,"LAM011",,,,"00-2-90","Size 04 Bands.pdf","Field 'date' on pg 2 taken to be 'DATE_BANDS_IN'",
"041","84001","04184001","90000","04190000","06000","AY",,"LAM012",,,"01/4665/92",,"Size 04 Bands.pdf",,
"041","90001","04190001","93000","04193000","03000","IN",,"LAM012",,,"01/4665/92",,"Size 04 Bands.pdf",,
"041","93001","04193001","97000","04197000","04000","IN",,"LAM",,,"10482/94","04/03/94","Size 04 Bands.pdf","Field 'date' on pg 2 taken to be 'DATE_BANDS_IN'",
"041","97001","04197001","99999","04199999","03000","IN","Lambournes",,"22/09/94","17/10/94","13649/95","03/04/95","Size 04 Bands.pdf",,
"042","00001","04200001","01000","04201000","04000","IN","Lambournes",,"22/09/94","17/10/94","13649/95","03/04/95","Size 04 Bands.pdf",,
"042","01001","04201001","07000","04207000","06000","AY","Lambournes",,"22/09/94","17/10/94","13649/95","03/04/95","Size 04 Bands.pdf",,
"042","07001","04207001","12000","04212000","05000","AY","Lambournes",,"05/12/95","08/12/95","20222/96","11/04/96","Size 04 Bands.pdf",,
"042","12001","04212001","17000","04217000","05000","AY","Lambournes",,"05/12/95","08/12/95","20222/96","11/04/96","Size 04 Bands.pdf",,
"042","17001","04217001","19000","04219000","02000","IN","Lambournes",,"04/12/96","04/12/96","26499/97","19/05/97","Size 04 Bands.pdf",,
"042","19001","04219001","24000","04224000","05000","SS","Lambournes",,"04/12/96","16/01/97","26950/97","05/08/97","Size 04 Bands.pdf",,
"042","24001","04224001","25000","04225000","01000","AY","Lambournes",,"30/09/97","03/10/97","30771/97","27/03/98","Size 04 Bands.pdf",,
"042","25001","04225001","27000","04227000","02000","AY","Lambournes",,"12/06/98","23/06/98","35136/99","01/02/99","Size 04 Bands.pdf",,
"042","27001","04227001","31000","04231000","04000","IN","Lambournes",,"12/06/98","23/06/98","35136/99","01/02/99","Size 04 Bands.pdf",,
"042","31001","04231001","38000","04238000","07000","IN","Lambournes",,"12/04/99","30/04/99",100000830,"17/09/99","Size 04 Bands.pdf",,
"042","38001","04238001","43000","04243000","05000","AY","Lambournes",,"12/04/99","30/04/99",100000830,"17/09/99","Size 04 Bands.pdf",,
"042","43001","04243001","48000","04248000","05000","IN","Lambournes",,"04/04/00",,,,"Size 04 Bands.pdf",,
"042","48001","04248001","53000","04253000","05000","AY","WT",,"27/07/01","20/08/01",10004024,"10/10/01","Size 04 Bands.pdf",,
"042","53001","04253001","57000","04257000","04000","IN","WT",,"24/09/02","02/10/03",45023056,"19/02/03","Size 04 Bands.pdf",,
"042","57001","04257001","59000","04259000","02000","IN","WT",,"07/11/03","20/11/03",45027702,,"Size 04 Bands.pdf",,
"042","59001","04259001","61000","04261000","02000","AY","WT",,"07/11/03","20/11/03",45027702,,"Size 04 Bands.pdf",,
"042","61001","04261001","96000","04296000","35000","IN","WT",,"20/05/05","21/05/05",45038721,"05/04/06","Size 04 Bands.pdf",,
"042","96001","04296001","98000","04298000","02000","AY","WT",,"29/11/05","30/11/05",45002570,"05/04/06","Size 04 Bands.pdf",,
"042","98001","04298001","99999","04299999","02000","AY","WT",,"29/10/07","30/10/07",45053441,"24/01/08","Size 04 Bands.pdf",,
"043","00001","04300001","03000","04303000","03000","AY","WT",,"29/10/07","30/10/07",45053441,"24/01/08","Size 04 Bands.pdf",,
"043","03001","04303001","08000","04308000","05000","AY","WT",,"10/10/08",,,"01/04/09","Size 04 Bands.pdf",,
"043","08001","04308001","13000","04313000","05000","AY","WT",,"07/12/10",,1897,"17/06/11","Size 04 Bands.pdf",,
"043","13001","04313001","18000","04318000","05000","AY","WT",,"20/01/11",,1897,"17/06/11","Size 04 Bands.pdf",,
"043","18001","04318001","28000","04328000","01000","AY","WT",,,,,,"Size 04 Bands.pdf",,
"051",,,"38000","05138000",,"AY",,"LAM/05",,,"PW6169",,"Size 05 Bands.pdf","Field 'date' on pg 2 taken to be 'DATE_BANDS_IN'",
"051","38001","05138001","43000","05143000","05000","IN",,"LAM/05",,,"PW6169",,"Size 05 Bands.pdf","Field 'date' on pg 2 taken to be 'DATE_BANDS_IN'",
"051","43001","05143001","53000","05153000","10000","AY",,"LAM",,,"PW0526/88",,"Size 05 Bands.pdf","Field 'date' on pg 2 taken to be 'DATE_BANDS_IN'",
"051","53001","05153001","57000","05157000","04000","IN",,"LAM",,,"PW0526/88",,"Size 05 Bands.pdf","Field 'date' on pg 2 taken to be 'DATE_BANDS_IN'",
"051","57001","05157001","61000","05161000","04000","IN",,"LAM/008",,,"PW1803/89",,"Size 05 Bands.pdf","Field 'date' on pg 2 taken to be 'DATE_BANDS_IN'",
"051","61001","05161001","66000","05166000","05000","AY",,"LAM/008",,,"PW1803/89",,"Size 05 Bands.pdf","Field 'date' on pg 2 taken to be 'DATE_BANDS_IN'",
"051","66001","05166001","81000","05181000","15000","AY",,"LAM010",,,,,"Size 05 Bands.pdf","Field 'date' on pg 2 taken to be 'DATE_BANDS_IN'",
"051","81001","05181001","84000","05184000","03000","IN",,"LAM11805",,,,,"Size 05 Bands.pdf",,
"051","84001","05184001","87000","05187000","03000","IN",,"LAM011",,,,,"Size 05 Bands.pdf",,
"051","87001","05187001","90000","05190000","03000","AY",,"LAM012",,,"01/4665/92",,"Size 05 Bands.pdf",,
"051","90001","05190001","93000","05193000","03000","IN",,"LAM012",,,"01/4665/92",,"Size 05 Bands.pdf",,
"051","93001","05193001","97000","05197000","04000","IN","Lambournes","22/09/94",,"17/10/94","13649/95",,"Size 05 Bands.pdf",,
"051","97001","05197001","99000","05199000","02000","AY","Lambournes","22/09/94",,"17/10/94","13649/95",,"Size 05 Bands.pdf",,
"051","99001","05199001","99999","05199999","01000","IN","Lambournes","05/12/96",,"08/12/95","20222/96",,"Size 05 Bands.pdf",,
"052","00001","05200001","04000","05204000","04000","IN","Lambournes","05/12/96",,"08/12/95","20222/96",,"Size 05 Bands.pdf",,
"052","04001","05204001","12000","05212000","08000","AY","Lambournes","04/12/96",,"04/12/96","26499/97",,"Size 05 Bands.pdf",,
"052","12001","05212001","17000","05217000","05000","SS","Mekaniska","12/12/96",,"16/01/97","26950/97",,"Size 05 Bands.pdf",,
"052","17001","05217001","19000","05219000","02000","AY","Lambournes","12/06/98",,"23/06/98","35136/99",,"Size 05 Bands.pdf",,
"052","19001","05219001","23000","05223000","04000","IN","Lambournes","12/06/98",,"23/06/98","35136/99",,"Size 05 Bands.pdf",,
"052","23001","05223001","28000","05228000","05000","IN","Lambournes","12/04/99",,"30/04/99",100000830,,"Size 05 Bands.pdf",,
"052","28001","05228001","33000","05233000","05000","IN","Lambournes","04/04/00",,,,,"Size 05 Bands.pdf",,
"052","33001","05233001","38000","05238000","05000","AY","WT","27/07/01",,"20/08/01",10004024,,"Size 05 Bands.pdf",,
"052","38001","05238001","43000","05243000","05000","IN","WT","27/07/01",,"20/08/01",10004024,,"Size 05 Bands.pdf",,
"052","43001","05243001","46000","05246000","03000","IN","WT","24/04/02",,"02/10/02",45023056,,"Size 05 Bands.pdf",,
"052","46001","05246001","57000","05257000","11000","IN","WT","07/11/03",,"20/11/03",45027702,,"Size 05 Bands.pdf",,
"052","57001","05257001","59000","05259000","02000","AY","WT","07/11/03",,"20/11/03",45027702,,"Size 05 Bands.pdf",,
"052","59001","05259001","64000","05264000","05000","IN","WT","17/11/04",,"19/11/04",45035378,,"Size 05 Bands.pdf",,
"052","64001","05264001","99000","05299000","35000","IN","WT","20/05/05",,"21/05/05",49038711,,"Size 05 Bands.pdf",,
"052","99001","05299001","99999","05299999","01000","AY","WT","29/11/05",,"30/11/05",45042570,,"Size 05 Bands.pdf",,
"053","00001","05300001","01000","05301000","01000","AY","WT","29/11/05",,"30/11/05",45042570,,"Size 05 Bands.pdf",,
"053","01001","05301001","02000","05302000","01000","AY","WT","20/10/06",,"21/10/06",45047987,,"Size 05 Bands.pdf",,
"053","02001","05302001","07000","05307000","05000","AY","WT","29/10/07",,"30/10/07",45053441,,"Size 05 Bands.pdf",,
"053","07001","05307001","12000","05312000","05000","AY","WT","23/12/09",,,"NA",,"Size 05 Bands.pdf",,
"053","12001","05312001","18000","05318000","06000","AY","WT","20/12/12",,,,,"Size 05 Bands.pdf",,
"053","18001","05318001","28000","05328000","10000","AY","WT",,,,,,"Size 05 Bands.pdf",,
"061",,,"69000","06169000",,"AY",,"LAM/05",,,"PW6169","02/09/86","Size 06 Bands.pdf","Field 'date' on pg 2 taken to be 'DATE_BANDS_IN'",
"061","69001","06169001","74000","06174000","05000","IN",,"LAM/05",,,"PW6169","02/09/86","Size 06 Bands.pdf","Field 'date' on pg 2 taken to be 'DATE_BANDS_IN'",
"061","74001","06174001","76000","06176000","02000","SS",,"Mek/02",,,"PW6170","02/09/86","Size 06 Bands.pdf","Field 'date' on pg 2 taken to be 'DATE_BANDS_IN'",
"061","76001","06176001","86000","06186000","10000","AY",,"LAM",,,"PW0526/88","17/07/87","Size 06 Bands.pdf","Field 'date' on pg 2 taken to be 'DATE_BANDS_IN'",
"061","86001","06186001","90000","06190000","04000","IN",,"LAM",,,"PW0526/88","17/07/87","Size 06 Bands.pdf","Field 'date' on pg 2 taken to be 'DATE_BANDS_IN'",
"061","90001","06190001","95000","06195000","05000","IN",,"LAM/008",,,"PW1803/89","14/10/88","Size 06 Bands.pdf","Field 'date' on pg 2 taken to be 'DATE_BANDS_IN'",
"062","00001","06200001","03000","06203000","03000","AY",,"LAM/008",,,"PW1803/89","14/10/88","Size 06 Bands.pdf","Field 'date' on pg 2 taken to be 'DATE_BANDS_IN'",
"062","03001","06203001","08000","06208000","05000","AY",,"LAM010",,,,,"Size 06 Bands.pdf",,
"062","08001","06208001","18000","06218000","10000","IN",,"LAM011",,,,,"Size 06 Bands.pdf",,
"062","18001","06218001","32000","06232000","14000","AY",,"LAM012",,,"01/4665/92",,"Size 06 Bands.pdf",,
"062","32001","06232001","35000","06235000","03000","IN",,"LAM012",,,"01/4665/92",,"Size 06 Bands.pdf",,
"062","35001","06235001","38000","06238000","03000","AY",,,,,,,"Size 06 Bands.pdf",,
"062","38001","06238001","41000","06241000","03000","AY",,,,,"10482/94","31/03/94","Size 06 Bands.pdf",,
"062","41001","06241001","45000","06245000","04000","IN","Lambournes",,"22/09/94","17/10/94","13649/95","03/04/95","Size 06 Bands.pdf",,
"062","45001","06245001","51000","06251000","06000","AY","Lambournes",,"22/09/94","17/10/94","13649/95","03/04/95","Size 06 Bands.pdf",,
"062","51001","06251001","56000","06256000","05000","AY","Lambournes",,"05/12/95","08/12/95","20222/96","11/04/96","Size 06 Bands.pdf",,
"062","56001","06256001","61000","06261000","05000","IN","Lambournes",,"05/12/95","08/12/95","20222/96","11/04/96","Size 06 Bands.pdf",,
"062","61001","06261001","63000","06263000","02000","AY","Lambournes",,"04/12/96","04/12/96","26499/97","19/05/97","Size 06 Bands.pdf",,
"062","63001","06263001","68000","06268000","05000","SS","Mekaniska",,"12/08/96","16/01/97","26950/97","05/08/97","Size 06 Bands.pdf",,
"062","68001","06268001","69000","06269000","01000","AY","Lambournes",,"30/09/97","03/10/97","30771/97","27/03/98","Size 06 Bands.pdf",,
"062","69001","06269001","71000","06271000","02000","AY","Lambournes",,"12/06/98","23/06/98","35136/99","01/02/99","Size 06 Bands.pdf",,
"062","71001","06271001","75000","06275000","04000","IN","Lambournes",,"12/06/98","23/06/98","35136/99","17/02/99","Size 06 Bands.pdf",,
"062","75001","06275001","80000","06280000","05000","IN","Lambournes",,"12/04/99","30/04/99",10000830,"17/09/99","Size 06 Bands.pdf",,
"062","80001","06280001","85000","06285000","05000","AY","WT",,"27/07/01","16/08/01",10004024,"10/10/01","Size 06 Bands.pdf",,
"062","85001","06285001","90000","06290000","05000","IN","WT",,"27/07/01","16/08/01",10004024,"08/01/02","Size 06 Bands.pdf",,
"062","90001","06290001","95000","06295000","05000","AY","WT",,"16/08/01","17/08/01",10004024,"22/02/02","Size 06 Bands.pdf",,
"062","95001","06295001","99999","06299999","05000","AY","WT",,"24/09/02","02/10/02",45023056,"19/02/03","Size 06 Bands.pdf",,
"063","00001","06300001","03000","06303000","03000","IN","WT",,"24/09/02","02/10/02",45023056,"19/02/03","Size 06 Bands.pdf",,
"063","03001","06303001","08000","06308000","05000","IN","WT",,"07/11/03","20/11/03",45027702,,"Size 06 Bands.pdf",,
"063","08001","06308001","10000","06310000","02000","AY","WT",,"07/11/03","20/11/03",45027702,,"Size 06 Bands.pdf",,
"063","10001","06310001","45000","06345000","35000","IN","WT",,"20/05/05","20/05/05",45038721,"05/04/06","Size 06 Bands.pdf",,
"063","45001","06345001","47000","06347000","02000","AY","WT",,"20/10/06","20/10/05",45047987,"03/01/07","Size 06 Bands.pdf",,
"063","47001","06347001","52000","06352000","05000","AY","WT",,"29/10/07","29/10/07",45053441,"24/01/08","Size 06 Bands.pdf",,
"063","52001","06352001","57000","06357000","05000","AY","WT",,"10/10/08","10/10/08",,"01/04/09","Size 06 Bands.pdf",,
"063","57001","06357001","58000","06358000","01000","AY","WT",,"02/11/11","02/11/11",2047,"01/02/12","Size 06 Bands.pdf",,
"063","58001","06358001","59000","06359000","01000","SS","WT",,"02/11/11","02/11/11","63/01002","21/02/12","Size 06 Bands.pdf",,
"063","59001","06359001","65000","06365000","06000","AY","WT",,"20/12/12","20/12/12",,"07/05/13","Size 06 Bands.pdf",,
"063","65001","06365001","75000","06375000","10000","AY","WT",,,,,"05/02/14","Size 06 Bands.pdf",,
"063","75001","06375001","85000","06385000","10000","IN","WT",,"22/10/14","22/10/14",,,"Size 06 Bands.pdf",,
"071",,,"82000","07182000",,"AM",,"Mek/02",,,"PW6170","02/09/86","Size 07 Bands.pdf","Field 'date' on pg 2 taken to be 'DATE_BANDS_IN'",
"071","82001","07182001","87000","07187000","05000","IN",,"LAM/05",,,"PW6169","02/09/86","Size 07 Bands.pdf","Field 'date' on pg 2 taken to be 'DATE_BANDS_IN'",
"071","87001","07187001","90000","07190000","03000","IN",,"LAM",,,"PW0526/88","17/07/87","Size 07 Bands.pdf","Field 'date' on pg 2 taken to be 'DATE_BANDS_IN'",
"071","90001","07190001","91000","07191000","01000","SS",,"Mek/02",,,"PW0526/88","17/07/87","Size 07 Bands.pdf","Field 'date' on pg 2 taken to be 'DATE_BANDS_IN'",
"071","91001","07191001","95000","07195000","04000","AM",,"Mek/02",,,"PW0526/88","17/07/87","Size 07 Bands.pdf","Field 'date' on pg 2 taken to be 'DATE_BANDS_IN'",
"072",,,"00000","07200000",,"AM",,"MEK none",,,"PW1334/88","07/06/88","Size 07 Bands.pdf","Field 'date' on pg 2 taken to be 'DATE_BANDS_IN'","ERROR? Hi-band seems like it should be 071-99999"
"072",,,"01000","07201000",,"AM",,"MEK none",,,"PW1334/88","07/06/88","Size 07 Bands.pdf","Field 'date' on pg 2 taken to be 'DATE_BANDS_IN'",
"072","01001","07201001","06000","07206000","05000","AM",,"MEK/007",,,"PW1802/89","11/10/88","Size 07 Bands.pdf","Field 'date' on pg 2 taken to be 'DATE_BANDS_IN'",
"072","06001","07206001","11000","07211000","05000","IN",,"LAM/008",,,"PW1803/89","14/10/88","Size 07 Bands.pdf","Field 'date' on pg 2 taken to be 'DATE_BANDS_IN'",
"072","11001","07211001","13000","07213000","02000","IN",,"LAM010",,,"01/1102/90","10/05/90","Size 07 Bands.pdf","Field 'date' on pg 2 taken to be 'DATE_BANDS_IN'",
"072","13001","07213001","25000","07225000","12000","AM",,"MEK010",,,"01/1101/90",,"Size 07 Bands.pdf",,
"072","25001","07225001","28000","07228000","03000","AM",,"MEK011",,,,,"Size 07 Bands.pdf",,
"072","28001","07228001","34000","07234000","06000","IN",,"LAM011",,,,,"Size 07 Bands.pdf",,
"072","34001","07234001","36000","07236000","02000","SS",,"MEK011",,,,,"Size 07 Bands.pdf",,
"072","36001","07236001","41000","07241000","05000","AM",,"MEK012",,,"04/4666/92",,"Size 07 Bands.pdf",,
"072","41001","07241001","45000","07245000","04000","IN",,"LAM012",,,"01/4665/92",,"Size 07 Bands.pdf",,
"072","45001","07245001","48000","07248000","03000","AL",,"LAM013",,,"01/7744/93",,"Size 07 Bands.pdf",,
"072","48001","07248001","55000","07255000","07000","AL",,"Mekanika",,,"10252/94","05/07/94","Size 07 Bands.pdf","Field 'date' on pg 2 taken to be 'DATE_BANDS_IN'",
"072","55001","07255001","63000","07263000","08000","IN",,"LAMBOURNES",,,"10482/94","04/03/94","Size 07 Bands.pdf","Field 'date' on pg 2 taken to be 'DATE_BANDS_IN'",
"072","63001","07263001","65000","07265000","02000","IN","Lambournes",,"22/09/94","17/10/94","13649/95","03/04/95","Size 07 Bands.pdf",,
"072","65001","07265001","70000","07270000","05000","AM","Mekaniska",,"02/09/94","26/09/94","13448/95","26/05/95","Size 07 Bands.pdf",,
"072","70001","07270001","78000","07278000","08000","AM","Mekaniska",,"05/12/95","08/01/95","20496/96","13/06/96","Size 07 Bands.pdf",,
"072","78001","07278001","83000","07283000","05000","IN","Lambournes",,"05/12/95","08/12/95","20222/96","11/04/96","Size 07 Bands.pdf",,
"072","83001","07283001","97000","07297000","14000","AM","Mekaniska",,"12/12/96","16/01/97","26950/97","05/08/97","Size 07 Bands.pdf",,
"072","97001","07297001","99000","07299000","02000","AM","MEK",,"25/07/97","09/09/97","30668/98","10/06/98","Size 07 Bands.pdf",,
"072","99001","07299001","99999","07299999","01000","IN","Lambournes",,"12/06/98","23/06/98","35136/99","17/02/99","Size 07 Bands.pdf",,
"073","00001","07300001","03000","07303000","03000","IN","Lambournes",,"12/06/98","23/06/98","35136/99","17/02/99","Size 07 Bands.pdf",,
"073","03001","07303001","14000","07314000","11000","AM","MEKANISKA",,"12/06/98","14/07/98","34021/99","01/04/99","Size 07 Bands.pdf",,
"073","14001","07314001","16000","07316000","02000","SS","MEKANISKA",,"20/08/98","14/07/98","34021/99","01/04/99","Size 07 Bands.pdf",,
"073","16001","07316001","18000","07318000","02000","AM","MEKANISKA",,"12/04/99","15/09/99",10000854,"15/10/94","Size 07 Bands.pdf",,
"073","18001","07318001","21000","07321000","03000","AM","MEKANISKA",,"04/04/00","19/04/00",100002706,"23/10/00","Size 07 Bands.pdf",,
"073","21001","07321001","26000","07326000","05000","IN","WT",,"22/04/01","20/08/01",100004029,"08/01/02","Size 07 Bands.pdf",,
"073","26001","07326001","33000","07333000","07000","AM","MEKANISKA",,"02/11/01","28/01/01",100004479,"22/07/02","Size 07 Bands.pdf",,
"073","33001","07333001","35000","07335000","02000","SS","MEKANISKA",,"02/11/01","28/01/01",100004479,"22/07/02","Size 07 Bands.pdf",,
"073","35001","07335001","37000","07337000","02000","IN","WT",,"24/09/02","02/10/02",45023056,,"Size 07 Bands.pdf",,
"073","37001","07337001","39000","07339000","02000","IN","WT",,"07/11/03","20/11/03",45027702,,"Size 07 Bands.pdf",,
"073","39001","07339001","51000","07351000","12000","AM","MEKANISKA",,"07/11/03","14/11/03",45027699,"04/06/04","Size 07 Bands.pdf",,
"073","51001","07351001","56000","07356000","05000","AM","MEKANISKA",,"17/11/04","29/11/05",45035423,"06/04/05","Size 07 Bands.pdf",,
"073","56001","07356001","96000","07396000","40000","IN","WT",,"20/05/05","21/05/05",45038721,,"Size 07 Bands.pdf",,
"073","96001","07396001","99999","07399999","04000","AM","MEKANISKA",,"25/11/05","02/12/05",45047989,"30/05/07","Size 07 Bands.pdf",,
"074","00001","07400001","01000","07401000","01000","AM","MEKANISKA",,"25/11/05","02/12/05",45047989,"30/05/07","Size 07 Bands.pdf",,
"074","01001","07401001","08000","07408000","07000","AM","MEKANISKA",,"29/10/07","16/11/07",4505344,"03/06/08","Size 07 Bands.pdf",,
"074","08001","07408001","09000","07409000","01000","SS","MEK",,"29/10/07","16/11/07",4505344,"03/06/08","Size 07 Bands.pdf",,
"074","09001","07409001","14000","07414000","05000","SS","MEK",,"10/10/08","03/06/09",,"27/05/09","Size 07 Bands.pdf",,
"074","14001","07414001","09000","07409000","05000","AM","MEK",,"10/10/08","03/06/09",,"27/05/09","Size 07 Bands.pdf",,
"074","19001","07419001","24000","07424000","05000","SS","MEK",,"08/02/10",,"NA","31/05/10","Size 07 Bands.pdf",,
"074","24001","07424001","31000","07431000","07000","AM","MEK",,"07/12/10",,"062/05044","17/06/11","Size 07 Bands.pdf",,
"074","31001","07431001","38000","07438000","07000","AM","MEK",,"20/01/11",,"062/05044","17/06/11","Size 07 Bands.pdf",,
"074","38001","07438001","43000","07443000","05000","AM","MEK",,,,,,"Size 07 Bands.pdf",,
"074","43001","07443001","49000","07449000","06000","IN","WT",,,,,"05/02/14","Size 07 Bands.pdf",,
"074","49001","07449001","59000","07459000","10000","IN","WT",,"22/10/14",,,,"Size 07 Bands.pdf",,
"082",,,"67000","08267000",,"SS",,"Mek/02",,,"PW6170","02/09/86","Size 08 Bands.pdf","Field 'date' on pg 2 taken to be 'DATE_BANDS_IN'",
"082","67001","08267001","72000","08272000","05000","SS",,"Mek",,,"PW0528/88","17/07/87","Size 08 Bands.pdf","Field 'date' on pg 2 taken to be 'DATE_BANDS_IN'",
"082","72001","08272001","79000","08279000","07000","SS",,"Mek/007",,,"PW1802/89","11/10/88","Size 08 Bands.pdf","Field 'date' on pg 2 taken to be 'DATE_BANDS_IN'",
"082","79001","08279001","89000","08289000","10000","AM",,"MEK/010",,,,,"Size 08 Bands.pdf",,
"082","89001","08289001","96000","08296000","07000","SS",,"MEK/010",,,,,"Size 08 Bands.pdf",,
"082","96001","08296001","99999","08299999","04000","SS","Mekaniska",,"02/09/94","26/09/94","13448/95","26/05/95","Size 08 Bands.pdf",,
"083","00001","08300001","02000","08302000","02000","SS","Mekaniska",,"05/12/95","08/01/96","20496/96","13/06/96","Size 08 Bands.pdf",,
"083","02001","08302001","08000","08308000","06000","SS","Mekaniska",,"12/12/96","16/01/97","26950/97","05/08/97","Size 08 Bands.pdf",,
"083","08001","08308001","14000","08314000","06000","AM","MEK",,"25/07/97","09/09/97","30668/98","10/06/98","Size 08 Bands.pdf",,
"083","14001","08314001","19000","08319000","05000","SS","Mekaniska",,"12/06/98","14/07/98","34021/99","01/04/99","Size 08 Bands.pdf",,
"083","19001","08319001","25000","08325000","06000","SS","Mekaniska",,"04/04/00","19/04/00",100002706,"23/10/00","Size 08 Bands.pdf",,
"083","25001","08325001","27000","08327000","02000","SS","Mekaniska",,"07/11/03","07/11/03",45027699,"09/06/04","Size 08 Bands.pdf",,
"083","27001","08327001","30000","08330000","03000","SS","Mekaniska",,"25/11/05","02/12/05",45047989,"30/05/01","Size 08 Bands.pdf",,
"083","30001","08330001","35000","08335000","05000","SS","MEK",,"07/12/10",,62105043,"30/06/11","Size 08 Bands.pdf",,
"083","35001","08335001","40000","08340000","05000","SS","MEK",,"20/01/11",,62105043,"30/06/11","Size 08 Bands.pdf",,
"083","40001","08340001","43000","08343000","03000","SS","MEK",,,,,"30/05/14","Size 08 Bands.pdf",,
"083","43001","08343001","48000","08348000","05000","SS","MEK",,"22/10/14",,,,"Size 08 Bands.pdf",,
"091",,,"19000","09119000",,"SS",,"Mek/02",,,"PW6170","02/09/86","Size 09 Bands.pdf","Field 'date' on pg 2 taken to be 'DATE_BANDS_IN'",
"091","19001","09119001","22000","09122000","03000","SS",,"Mek",,,"PW0528/88","17/07/87","Size 09 Bands.pdf","Field 'date' on pg 2 taken to be 'DATE_BANDS_IN'",
"091","22001","09122001","28000","09128000","06000","SS",,"MEK/007",,,"PW1802/89","11/10/88","Size 09 Bands.pdf",,
"091","28001","09128001","29000","09129000","01000","SS",,"MEK010",,,,,"Size 09 Bands.pdf",,
"091","29001","09129001","31000","09131000","02000","SS",,"MEK011",,,,,"Size 09 Bands.pdf",,
"091","31001","09131001","33000","09133000","02000","SS",,"MEK012",,,"01/4666/92",,"Size 09 Bands.pdf",,
"091","33001","09133001","35000","09135000","02000","SS",,"MEK012",,,"01/4666/92",,"Size 09 Bands.pdf",,
"091","35001","09135001","37000","09137000","02000","SS",,"MEK",,,"10252/94","05/07/94","Size 09 Bands.pdf","Field 'date' on pg 2 taken to be 'DATE_BANDS_IN'",
"091","37001","09137001","38000","09138000","01000","SS","Mekaniska",,"02/09/94","26/09/94","13448/95","26/05/95","Size 09 Bands.pdf",,
"091","38001","09138001","40000","09140000","02000","SS","Mekaniska",,"05/12/95","08/01/96","20496/96","13/06/96","Size 09 Bands.pdf",,
"091","40001","09140001","44000","09144000","04000","SS","Mekaniska",,"12/12/96","16/01/97","26950/97","05/08/97","Size 09 Bands.pdf",,
"091","44001","09144001","46000","09146000","02000","SS","MEK",,"25/07/97","09/09/97","30668/98","10/06/98","Size 09 Bands.pdf",,
"091","46001","09146001","48000","09148000","02000","AM","MEKANISKA",,"12/06/98","14/07/98","34021/99","01/04/99","Size 09 Bands.pdf",,
"091","48001","09148001","50000","09150000","02000","SS","MEKANISKA",,"12/06/98","14/07/98","34021/99","01/04/99","Size 09 Bands.pdf",,
"091","50001","09150001","52000","09152000","02000","SS","MEKANISKA",,"02/11/01","28/10/02",100004479,"22/07/02","Size 09 Bands.pdf",,
"091","52001","09152001","53000","09153000","01000","SS","MEKANISKA",,"07/11/03","14/11/03",45027699,"04/06/04","Size 09 Bands.pdf",,
"091","53001","09153001","54000","09154000","01000","AM","MEKANISKA",,"07/11/03","14/11/03",45027699,"04/06/04","Size 09 Bands.pdf",,
"091","54001","09154001","55000","09155000","01000","SS","MEKANISKA",,"17/11/04","29/11/04",45035423,"06/04/05","Size 09 Bands.pdf",,
"091","55001","09155001","57000","09157000","02000","SS","MEK",,"20/10/06","24/10/06",45047989,"30/05/07","Size 09 Bands.pdf",,
"091","57001","09157001","62000","09162000","05000","SS","MEK",,"29/10/07","16/11/07",4505344,"03/06/08","Size 09 Bands.pdf",,
"091","62001","09162001","63000","09163000","01000","AM","MEK",,"29/10/07","16/11/07",4505344,"03/06/08","Size 09 Bands.pdf",,
"091","63001","09163001","64000","09164000","01000","AM","MEK",,"08/02/10",,,"01/06/10","Size 09 Bands.pdf",,
"091","64001","09164001","65000","09165000","01000","SS","MEK",,"02/11/11","03/11/11","63/01002","21/02/12","Size 09 Bands.pdf",,
"091","65001","09165001","70000","09170000","05000","SS","MEK",,,,,"30/04/13","Size 09 Bands.pdf",,
"091","70001","09170001","73000","09173000","03000","SS","MEK",,,,,"30/05/14","Size 09 Bands.pdf",,
"100",,,"96000","10096000",,,,"Mek/02",,,"PW6170","02/09/86","Size 10 Bands.pdf","Field 'date' on pg 2 taken to be 'DATE_BANDS_IN'",
"100","96001","10096001","99999","10099999","03999","SS",,"Mek",,,"PW0528/88","17/07/87","Size 10 Bands.pdf","Field 'date' on pg 2 taken to be 'DATE_BANDS_IN'",
"101","00001","10100001","01000","10101000","01000","SS",,"Mek",,,"PW0526/88","17/07/87","Size 10 Bands.pdf","Field 'date' on pg 2 taken to be 'DATE_BANDS_IN'",
"101","01001","10101001","08000","10108000","07000","SS",,"Mek/007",,,"PW1802/88","11/10/88","Size 10 Bands.pdf","Field 'date' on pg 2 taken to be 'DATE_BANDS_IN'",
"101","08001","10108001","13000","10113000","05000","AM",,"MEK010",,,,,"Size 10 Bands.pdf",,
"101","13001","10113001","15000","10115000","02000","AM",,"MEK012",,,"01/4666/92",,"Size 10 Bands.pdf",,
"101","15001","10115001","16000","10116000","01000","SS",,"MEK",,,,"00-05-93","Size 10 Bands.pdf","Field 'date' on pg 2 taken to be 'DATE_BANDS_IN'",
"101","16001","10116001","17000","10117000","01000","SS","MEKANISKA",,"02/09/94","26/09/94","13448/95","26/05/95","Size 10 Bands.pdf",,
"101","17001","10117001","18000","10118000","01000","AM","MEKANISKA",,"02/09/94","26/09/94","13448/95","26/05/95","Size 10 Bands.pdf",,
"101","18001","10118001","20000","10120000","02000","SS","Mekaniska",,"12/12/96","15/01/97","26950/97","05/08/97","Size 10 Bands.pdf",,
"101","20001","10120001","23000","10123000","03000","SS","MEKANISKA",,"04/04/00","19/04/00",100002706,"23/10/00","Size 10 Bands.pdf",,
"101","23001","10123001","26000","10126000","03000","SS","MEKANISKA",,"02/11/01","28/01/02",100004479,"22/07/02","Size 10 Bands.pdf",,
"101","26001","10126001","29000","10129000","03000","SS","MEKANISKA",,"25/11/05","02/12/05","01/06/05","08/06/06","Size 10 Bands.pdf",,
"101","29001","10129001","34000","10134000","05000","SS","MEK",,"29/10/07","16/11/07",4505344,"03/06/08","Size 10 Bands.pdf",,
"101","34001","10134001","39000","10139000","05000","SS","MEK",,"10/10/08","03/06/09",,"27/05/09","Size 10 Bands.pdf",,
"101","39001","10139001","40000","10140000","01000","AM","MEK",,"08/02/10",,"NA","01/06/10","Size 10 Bands.pdf",,
"101","40000","10140000","41000","10141000","01000","AM","MEK",,"02/11/11","03/11/11","63/01002","21/02/12","Size 10 Bands.pdf",,
"101","41001","10141001","46000","10146000","05000","SS","MEK",,,,,"30/04/13","Size 10 Bands.pdf",,
"101","46001","10146001","47000","10147000","01000","SS","MEK",,,,,"30/05/14","Size 10 Bands.pdf",,
"101","47001","10147001","49000","10149000","02000","SS","MEK",,"22/10/14",,,,"Size 10 Bands.pdf",,
"111",,,"04000","11104000",,,,,,,,,"Size 11 Bands.pdf",,
"111","04001","11104001","09000","11109000","05000","SS",,"Mek",,,"PW0526/88","17/07/87","Size 11 Bands.pdf","Field 'date' on pg 2 taken to be 'DATE_BANDS_IN'",
"111","09001","11109001","11000","11111000","02000","SS",,"Mek/007",,,"PW1802/89","11/10/88","Size 11 Bands.pdf","Field 'date' on pg 2 taken to be 'DATE_BANDS_IN'",
"111","11001","11111001","14000","11114000","03000","SS",,"MEK010",,,,,"Size 11 Bands.pdf",,
"111","14001","11114001","17000","11117000","03000","AM",,"MEK012",,,"01/4666/92",,"Size 11 Bands.pdf",,
"111","17001","11117001","20000","11120000","03000","SS",,"MEK012",,,"01/4666/92",,"Size 11 Bands.pdf",,
"111","20001","11120001","22000","11122000","02000","SS",,"Mekaniska",,,,,"Size 11 Bands.pdf",,
"111","22001","11122001","24000","11124000","02000","SS","Mekaniska",,"02/09/94","26/09/94","13448/95","26/05/95","Size 11 Bands.pdf",,
"111","24001","11124001","28000","11128000","04000","SS","Mekaniska",,"12/12/96","15/01/97","26950/97","05/08/97","Size 11 Bands.pdf",,
"111","28001","11128001","30000","11130000","02000","SS","Mekaniska",,"12/06/98","14/07/98","34021/99","01/04/99","Size 11 Bands.pdf",,
"111","30001","11130001","31000","11131000","01000","SS","Mekaniska",,"17/11/04","29/11/04",45035423,"06/04/05","Size 11 Bands.pdf",,
"111","31001","11131001","34000","11134000","03000","SS","MEK",,"20/10/06","24/10/06",45047989,"30/05/07","Size 11 Bands.pdf",,
"111","34001","11134001","39000","11139000","05000","SS","MEK",,"29/10/07","16/11/07",4505344,"03/06/08","Size 11 Bands.pdf",,
"111","39001","11139001","40000","11140000","01000","SS","MEK",,,,,"30/05/14","Size 11 Bands.pdf",,
"111","40001","11140001","42000","11142000","02000","SS","MEK",,"22/10/14",,,,"Size 11 Bands.pdf",,
"121",,,"31000","12131000",,,,,,,,,"Size 12 Bands.pdf",,
"121","31001","12131001","34000","12134000","03000","SS",,"Mek",,,"PW0528/88","17/07/87","Size 12 Bands.pdf","Field 'date' on pg 2 taken to be 'DATE_BANDS_IN'",
"121","34001","12134001","38000","12138000","04000","SS",,"MEK/007",,,"PW1802/89","11/10/88","Size 12 Bands.pdf","Field 'date' on pg 2 taken to be 'DATE_BANDS_IN'",
"121","38001","12138001","40000","12140000","02000","SS",,"MEK011",,,,,"Size 12 Bands.pdf",,
"121","40001","12140001","42000","12142000","02000","SS",,"MEK012",,,"01/4666/92",,"Size 12 Bands.pdf",,
"121","42001","12142001","44000","12144000","02000","SS","Mekaniska",,"02/09/94","26/09/94","13448/95","26/05/95","Size 12 Bands.pdf",,
"121","44001","12144001","50000","12150000","06000","SS","Mekaniska",,"05/12/95","08/01/96","20496/96","13/06/96","Size 12 Bands.pdf",,
"121","50001","12150001","52000","12152000","02000","SS","Mekaniska",,"12/06/98","14/07/98","34021/99","01/04/99","Size 12 Bands.pdf",,
"121","52001","12152001","53000","12153000","01000","SS","Mekaniska",,"07/11/03","14/11/03",45027699,"04/06/04","Size 12 Bands.pdf",,
"121","53001","12153001","56000","12156000","03000","SS","Mekaniska",,"17/11/04","24/11/04",45035423,"06/04/05","Size 12 Bands.pdf",,
"121","56001","12156001","60000","12160000","04000","SS","Mekaniska",,"25/11/05","02/12/05",45047989,"31/05/07","Size 12 Bands.pdf",,
"121","60001","12160001","65000","12165000","05000","SS","MEK",,,,,"31/05/13","Size 12 Bands.pdf",,
"121","65001","12165001","66000","12166000","01000","SS","MEK",,,,,"30/05/14","Size 12 Bands.pdf",,
"131",,,"62000","13162000",,,,"Mek/02",,,"PW6170","02/09/86","Size 13 Bands.pdf","Field 'date' on pg 2 taken to be 'DATE_BANDS_IN'",
"131","62001","13162001","65000","13165000","03000",,,"Mek",,,"PW0528/88","17/07/87","Size 13 Bands.pdf","Field 'date' on pg 2 taken to be 'DATE_BANDS_IN'",
"131","65001","13165001","73000","13173000","08000","SS",,"MEK/007",,,"PW1802/89","11/10/88","Size 13 Bands.pdf","Field 'date' on pg 2 taken to be 'DATE_BANDS_IN'",
"131","73001","13173001","76000","13176000","03000","SS",,"MEK April 89",,,"PW2578/89","15/05/89","Size 13 Bands.pdf","Field 'date' on pg 2 taken to be 'DATE_BANDS_IN'",
"131","76001","13176001","86000","13186000","10000","SS",,"MEK010",,,,,"Size 13 Bands.pdf",,
"131","86001","13186001","88000","13188000","02000","SS",,"MEK011",,,,,"Size 13 Bands.pdf",,
"131","88001","13188001","89000","13189000","01000","SS",,"MEK",,,,"00-05-93","Size 13 Bands.pdf","Field 'date' on pg 2 taken to be 'DATE_BANDS_IN'",
"131","89001","13189001","93000","13193000","04000","SS","Mekaniska",,"02/09/94","26/09/94","13448/95","26/05/95","Size 13 Bands.pdf",,
"131","93001","13193001","97000","13197000","04000","SS","Mekaniska",,"02/09/94","26/09/94","13448/95","26/05/95","Size 13 Bands.pdf",,
"131","97001","13197001","99000","13199000","02000","AM","Mekaniska",,"05/02/95","08/01/96","20496/96","13/06/96","Size 13 Bands.pdf",,
"131","99001","13199001","99999","13199999","00999","SS","Mekaniska",,"19/02/96","19/03/96","20496/96","13/06/96","Size 13 Bands.pdf",,
"132","00001","13200001","04000","13204000","04000","SS","Mekaniska",,"19/02/96","19/03/96","20496/96","13/06/96","Size 13 Bands.pdf",,
"132","04001","13204001","14000","13214000","10000","SS","Mekaniska",,"12/12/96","15/01/97","26950/97","05/08/97","Size 13 Bands.pdf",,
"132","14001","13214001","21000","13221000","07000","SS","Mekaniska",,"04/04/00","14/04/00",100002706,"23/10/10","Size 13 Bands.pdf",,
"132","21001","13221001","27000","13227000","06000","SS","Mekaniska",,"02/11/01","28/01/02",100004479,"22/07/02","Size 13 Bands.pdf",,
"132","27001","13227001","32000","13232000","05000","SS","Mekaniska",,"07/11/03","14/11/03",45027699,"04/06/04","Size 13 Bands.pdf",,
"132","32001","13232001","33000","13233000","01000","SS","Mekaniska",,"17/11/04","29/11/04",45035423,"06/04/05","Size 13 Bands.pdf",,
"132","33001","13233001","38000","13238000","05000","SS","Mekaniska",,"25/11/05","02/12/05",6105,"08/06/00","Size 13 Bands.pdf",,
"132","38001","13238001","43000","13243000","05000","SS","MEK",,"29/10/07","16/11/07",4505344,"03/06/08","Size 13 Bands.pdf",,
"132","43001","13243001","48000","13248000","05000","SS","MEK",,"08/02/10",,"NA","01/06/10","Size 13 Bands.pdf",,
"132","48001","13248001","53000","13253000","05000","SS","MEK",,,,"NA","31/05/13","Size 13 Bands.pdf",,
"132","53001","13253001","55000","13255000","02000","SS","MEK",,,,"NA","30/05/14","Size 13 Bands.pdf",,
"132","55001","13255001","60000","13260000","05000","SS","MEK",,"22/10/14",,,,"Size 13 Bands.pdf",,
"140","52001","14052001","53000","14053000","01000","SS","Mekaniska",,"05/12/95","08/01/96","20496/96","13/06/96","Size 14 Bands.pdf",,
"140","53001","14053001","54000","14054000","01000","SS","Mekaniska",,"12/12/96","15/01/97","26950/97","05/08/97","Size 14 Bands.pdf",,
"140","54001","14054001","55000","14055000","01000","SS","MEKANISKA",,"25/11/05","02/12/05",45047989,"30/05/07","Size 14 Bands.pdf",,
"150",,,"38000","15038000",,,,"Mek/02",,,"PW6170","02/09/86","Size 15 Bands.pdf","Field 'date' on pg 2 taken to be 'DATE_BANDS_IN'",
"150","38001","15038001","39000","15039000","01000",,,"Mek",,,"PW0528/88","17/07/87","Size 15 Bands.pdf","Field 'date' on pg 2 taken to be 'DATE_BANDS_IN'",
"150","39001","15039001","41000","15041000","02000","SS",,"MEK/007",,,"PW1802/89","11/10/88","Size 15 Bands.pdf","Field 'date' on pg 2 taken to be 'DATE_BANDS_IN'",
"150","41001","15041001","43000","15043000","02000","SS",,"MEK012",,,"01/4666/92",,"Size 15 Bands.pdf",,
"150","43001","15043001","44000","15044000","01000","SS",,"MEK013",,,,,"Size 15 Bands.pdf",,
"150","44001","15044001","45000","15045000","01000","SS","WT",,"29/10/07","30/10/08",45053441,"24/01/08","Size 15 Bands.pdf",,
"150","45001","15045001","46000","15046000","01000","SS","WT",,"23/12/09",,"NA","02/06/10","Size 15 Bands.pdf",,
"150","46001","15046001","47000","15047000","01000","SS","WT",,"02/11/11","03/11/11",,"01/02/12","Size 15 Bands.pdf",,
"162",,,"08000","16208000",,,,,,,,,"Size 16 Bands.pdf",,
"162","08001","16208001","13000","16213000","05000",,,"Mek 03",,,"PW6695","20/02/87","Size 16 Bands.pdf","Field 'date' on pg 2 taken to be 'DATE_BANDS_IN'",
"162","13001","16213001","18000","16218000","05000",,,"Mek",,,"PW0528/88","17/07/87","Size 16 Bands.pdf","Field 'date' on pg 2 taken to be 'DATE_BANDS_IN'",
"162","18001","16218001","26000","16226000","08000","SS",,"MEK/007",,,"PW1802/89","11/10/88","Size 16 Bands.pdf","Field 'date' on pg 2 taken to be 'DATE_BANDS_IN'",
"162","26001","16226001","28000","16228000","02000","SS",,"MEK010",,,,,"Size 16 Bands.pdf",,
"162","28001","16228001","31000","16231000","03000","SS",,"MEK011",,,,,"Size 16 Bands.pdf",,
"162","31001","16231001","35000","16235000","04000","SS",,"MEK012",,,"01/4666/92",,"Size 16 Bands.pdf",,
"162","35001","16235001","41000","16241000","06000","SS",,"MEK013",,,,,"Size 16 Bands.pdf",,
"162","41001","16241001","45000","16245000","04000","SS","Mekaniska",,"02/09/94","26/09/94","13448/95","26/05/95","Size 16 Bands.pdf",,
"162","45001","16245001","46000","16246000","01000","SS","Mekaniska",,"05/12/95","08/01/96","20496/96","13/06/96","Size 16 Bands.pdf",,
"162","46001","16246001","48000","16248000","02000","SS","Mekaniska",,"12/12/96","15/01/97","26950/97","05/08/97","Size 16 Bands.pdf",,
"162","48001","16248001","50000","16250000","02000","SS","Mekaniska",,"25/07/97","09/09/97","30668/98","10/06/98","Size 16 Bands.pdf",,
"162","50001","16250001","54000","16254000","04000","SS","Mekaniska",,"12/06/98","14/07/98","34021/99","01/04/99","Size 16 Bands.pdf",,
"162","54001","16254001","57000","16257000","03000","SS","Mekaniska",,"12/04/99","16/04/94",10000854,"15/10/99","Size 16 Bands.pdf",,
"162","57001","16257001","59000","16259000","02000","SS","Mekaniska",,"04/04/00","19/04/00",100002706,"23/10/00","Size 16 Bands.pdf",,
"162","59001","16259001","63000","16263000","04000","SS","Mekaniska",,"02/11/01","22/07/02",100004479,"22/07/02","Size 16 Bands.pdf",,
"162","63001","16263001","68000","16268000","05000","SS","Mekaniska",,"17/01/03","03/02/03",10026941,"24/10/03","Size 16 Bands.pdf",,
"162","68001","16268001","73000","16273000","05000","SS","Mekaniska",,"07/11/03","14/11/03",45027694,"04/06/04","Size 16 Bands.pdf",,
"162","73001","16273001","80000","16280000","07000","SS","Mekaniska",,"25/11/05","02/12/05",6105,"08/06/06","Size 16 Bands.pdf",,
"162","80001","16280001","85000","16285000","05000","SS","Mek",,"29/10/07","16/11/07",4505344,"03/06/08","Size 16 Bands.pdf",,
"162","85001","16285001","90000","16290000","05000","SS","Mek",,,,"NA","30/05/14","Size 16 Bands.pdf",,
"162","90001","16290001","95000","16295000","05000","SS","Mek",,"22/10/14",,,,"Size 16 Bands.pdf",,
"170",,,"09000","17009000",,"SS",,,,,,,"Size 17 Bands.pdf",,
"170","09001","17009001","11000","17011000","02000","SS","LAM",,,,"PW0526/88","17/07/87","Size 17 Bands.pdf","Field 'date' on pg 2 taken to be 'DATE_BANDS_IN'",
"170","11001","17011001","14000","17014000","03000","SS","LAM010 MEK010",,,,,,"Size 17 Bands.pdf",,
"170","14001","17014001","24000","17024000","10000","SS","LAM011",,,,,,"Size 17 Bands.pdf",,
"170","24001","17024001","27000","17027000","02000","SS","LAM012",,"23/04/94","30/04/99",100000830,"17/09/99","Size 17 Bands.pdf",,
"170","26001","17026001","28000","17028000","02000","SS","WT",,"29/10/07","30/10/07",45053441,"24/01/08","Size 17 Bands.pdf","*New Design, 34.0 x 17.0mm",
"170","28001","17028001","29000","17029000","01000","SS","WT",,"23/12/09",,"NA","02/06/10","Size 17 Bands.pdf","*New Design, 34.0 x 17.0mm",
"170","29001","17029001","31000","17031000","02000","SS","WT",,"20/01/11",,1897,"17/06/11","Size 17 Bands.pdf","*New Design, 34.0 x 17.0mm",
"180",,,"20000","18020000",,"ML",,,,,,,"Size 18 Bands.pdf",,
"190",,,"40000","19040000",,"SS",,"Mek/02",,,"PW6170","02/09/86","Size 19 Bands.pdf","Field 'date' on pg 2 taken to be 'DATE_BANDS_IN'",
"190","40001","19040001","41000","19041000","01000","SS",,"Mek/02",,,"PW6170","02/09/86","Size 19 Bands.pdf","Field 'date' on pg 2 taken to be 'DATE_BANDS_IN'",
"190","41001","19041001","46000","19046000","05000","SS",,"Mek",,,"PW0528/88","17/07/87","Size 19 Bands.pdf","Field 'date' on pg 2 taken to be 'DATE_BANDS_IN'",
"190","46001","19046001","48500","19048500","02500","SS",,"MEK 04 (prev. order)",,,"PW0893/88","17/12/87","Size 19 Bands.pdf","Field 'date' on pg 2 taken to be 'DATE_BANDS_IN'",
"190","48501","19048501","54500","19054500","06000","SS",,"MEK/007",,,"PW1802/88","11/10/88","Size 19 Bands.pdf","Field 'date' on pg 2 taken to be 'DATE_BANDS_IN'",
"190","54501","19054501","63000","19063000","08500","SS",,"MEK010",,,,,"Size 19 Bands.pdf",,
"190","63001","19063001","67000","19067000","04000","SS",,"MEK011",,,,,"Size 19 Bands.pdf",,
"190","67001","19067001","79000","19079000","12000","SS",,"MEK012",,,"01/4666/92",,"Size 19 Bands.pdf",,
"190","79001","19079001","84000","19084000","05000","SS",,"MEK013",,,,,"Size 19 Bands.pdf",,
"190","84001","19084001","99999","19099999","15999","SS",,"MEK",,,"10252/94","05/07/94","Size 19 Bands.pdf","Field 'date' on pg 2 taken to be 'DATE_BANDS_IN'",
"191","00001","19100001","01000","19101000","01000","SS",,"MEK",,,"10252/94","05/07/94","Size 19 Bands.pdf","Field 'date' on pg 2 taken to be 'DATE_BANDS_IN'",
"191","01001","19101001","15000","19115000","14000","SS","MEK",,"01/08/95","08/01/96","20496/96","13/06/96","Size 19 Bands.pdf",,
"191","15001","19115001","15500","19115500","00500","SS","Mek",,"05/12/95","08/01/96","24096/96","13/06/96","Size 19 Bands.pdf",,
"191","15501","19115501","16000","19116000","00500","SS","Mek",,"05/12/95","08/01/96",,,"Size 19 Bands.pdf",,
"191","16001","19116001","18000","19118000","02000","SS","Mekaniska",,"12/12/96","15/01/97","26950/97","05/08/97","Size 19 Bands.pdf",,
"200",,,"13000","20013000",,"SS",,,,,,,"Size 20 Bands.pdf",,
"200","13001","20013001","15000","20015000","02000","SS",,"MEK/007",,,"PW1802/89","11/10/88","Size 20 Bands.pdf","Field 'date' on pg 2 taken to be 'DATE_BANDS_IN'",
"200","15001","20015001","16000","20016000","01000","SS",,"MEK010",,,,,"Size 20 Bands.pdf",,
"200","16001","20016001","17000","20017000","01000","SS",,"MEK012",,,"01/4666/92",,"Size 20 Bands.pdf",,
"200","17001","20017001","18000","20018000","01000","SS",,"MEK013",,,,,"Size 20 Bands.pdf",,
"200","18001","20018001","19000","20019000","01000","SS","Mekaniska",,"07/11/03","14/11/03",45027699,"04/06/04","Size 20 Bands.pdf",,
"200","19001","20019001","20000","20020000","01000","SS","MEK",,"20/10/06","24/10/06",45047989,"30/05/07","Size 20 Bands.pdf",,
"200","20001","20020001","21000","20021000","01000","SS","MEK",,"29/10/07","16/11/07",4505344,"03/06/08","Size 20 Bands.pdf",,
"200","21001","20021001","26000","20026000","05000","SS","MEK",,"08/02/10",,,"01/06/10","Size 20 Bands.pdf",,
"210",,,"06000","21006000",,"SS",,,,,,,"Size 21 Bands.pdf",,
"210","06001","21006001","07000","21007000","01000","SS",,"Mek",,,"PW0528/88","17/07/87","Size 21 Bands.pdf","Field 'date' on pg 2 taken to be 'DATE_BANDS_IN'",
"210","07001","21007001","08000","21008000","01000","SS",,"MEK/06",,,"PW1359/88","15/06/88","Size 21 Bands.pdf","Field 'date' on pg 2 taken to be 'DATE_BANDS_IN'",
"210","08001","21008001","11000","21011000","03000","SS",,"MEK/007",,,"PW1802/89","11/10/88","Size 21 Bands.pdf","Field 'date' on pg 2 taken to be 'DATE_BANDS_IN'",
"210","11001","21011001","14000","21014000","03000","SS",,"MEK010",,,,,"Size 21 Bands.pdf",,
"210","14001","21014001","15000","21015000","01000","SS",,"MEK13",,,,,"Size 21 Bands.pdf",,
"210","16001","21016001","17000","21017000","01000","SS","MEK",,"30/10/07","31/10/07",45043444,"30/04/08","Size 21 Bands.pdf","* special glossy black cockatoo bands",
"210","17001","21017001","18000","21018000","01000","SS","MEK",,,,,"30/05/14","Size 21 Bands.pdf",,
"210","18001","21018001","20000","21020000","02000","SS","MEK",,"22/10/14",,,,"Size 21 Bands.pdf",,
"220",,,"04000","22004000",,"SS",,,,,,,"Size 22 Bands.pdf",,
"220","04001","22004001","05000","22005000",,"SS",,"MEK010",,,,,"Size 22 Bands.pdf",,
"220","05001","22005001","06000","22006000","01000","SS","Mekaniska",,"12/04/99","14/04/99",100000854,"15/10/99","Size 22 Bands.pdf",,
"220","06001","22006001","11000","22011000","05000","SS","MEK",,"02/11/11","03/11/12","63/1002","21/02/12","Size 22 Bands.pdf",,
"230",,,"07000","23007000",,"SS",,"Mek/02",,,"PW6170","02/09/86","Size 23 Bands.pdf","Field 'date' on pg 2 taken to be 'DATE_BANDS_IN'",
"230","07001","23007001","10000","23010000","03000","SS",,"MEK/09",,,"PW1334/88","07/06/88","Size 23 Bands.pdf","Field 'date' on pg 2 taken to be 'DATE_BANDS_IN'",
"230","10001","23010001","12000","23012000","02000","SS",,"MEK010",,,,,"Size 23 Bands.pdf",,
"230","12001","23012001","14000","23014000","02000","SS",,"MEK011",,,,,"Size 23 Bands.pdf",,
"230","14001","23014001","16000","23016000","02000","SS",,"MEK012",,,"01/4666/92",,"Size 23 Bands.pdf",,
"230","16001","23016001","17000","23017000","01000","SS","Mekaniska",,"05/12/95","08/01/96","20496/96","13/06/96","Size 23 Bands.pdf",,
"230","17001","23017001","18000","23018000","01000","SS","Mekaniska",,"04/04/00","19/04/00",100002706,"23/10/00","Size 23 Bands.pdf",,
"230","18001","23018001","20000","23020000","02000","SS","Mekaniska",,"02/11/01","28/01/02",100004479,"22/07/02","Size 23 Bands.pdf",,
"230","20001","23020001","21000","23021000","01000","SS","Mekaniska",,"20/10/06","24/10/06",45047989,"30/05/07","Size 23 Bands.pdf",,
"230","21001","23021001","22000","23022000","01000","SS","MEK",,"29/10/07","16/11/07",4505344,"03/06/08","Size 23 Bands.pdf",,
"230","22001","23022001","27000","23027000","05000","SS","MEK",,"07/12/10",,"632/05043","30/06/11","Size 23 Bands.pdf",,
"230","27001","23027001","32000","23032000","05000","SS","MEK",,"20/01/11",,"632/05043","30/06/11","Size 23 Bands.pdf",,
"240",,,"10000","24010000",,"SS",,"Mek/02",,,"PW6170","02/09/86","Size 24 Bands.pdf","Field 'date' on pg 2 taken to be 'DATE_BANDS_IN'",
"240","10001","24010001","13000","24013000","03000","SS",,"NONE",,,"PW1334/88","07/06/88","Size 24 Bands.pdf","Field 'date' on pg 2 taken to be 'DATE_BANDS_IN'",
"240","13001","24013001","15000","24015000","02000","SS",,"APRIL 89",,,"PW2578/89","15/05/89","Size 24 Bands.pdf","Field 'date' on pg 2 taken to be 'DATE_BANDS_IN'",
"240","15001","24015001","18000","24018000","03000","SS",,"MEK010",,,,,"Size 24 Bands.pdf",,
"240","18001","24018001","21000","24021000","03000","SS",,"MEK011",,,,,"Size 24 Bands.pdf",,
"240","21001","24021001","23000","24023000","02000","SS",,"MEK012",,,"01/4666/92",,"Size 24 Bands.pdf",,
"240","23001","24023001","24000","24024000","01000","SS","Mekaniska",,"02/09/94","26/09/94","13448/95","26/05/95","Size 24 Bands.pdf",,
"240","24001","24024001","25000","24025000","01000","SS","Mekaniska",,"05/12/95","08/01/96","20496/96","13/06/96","Size 24 Bands.pdf",,
"240","25001","24025001","26000","24026000","01000","SS","Mekaniska",,"12/12/96","15/01/97","26950/97","05/08/97","Size 24 Bands.pdf",,
"240","26001","24026001","27000","24027000","01000","SS","Mekaniska",,"12/04/94","14/04/99",100000854,"15/10/99","Size 24 Bands.pdf",,
"240","27001","24027001","32000","24032000","05000","SS","Mekaniska",,"04/04/00","19/04/00",100002766,"23/10/00","Size 24 Bands.pdf",,
"240","32001","24032001","37000","24037000","05000","SS","MEK",,"10/10/08",,,"27/05/09","Size 24 Bands.pdf",,
"240","37001","24037001","42000","24042000","05000","SS","MEK",,"22/10/14",,,,"Size 24 Bands.pdf",,
"250",,,"05000","25005000",,"SS",,,,,,,"Size 25 Bands.pdf",,
"250","05001","25005001","06000","25006000","01000","SS",,"Mek",,,"PW0528/88","17/07/87","Size 25 Bands.pdf","Field 'date' on pg 2 taken to be 'DATE_BANDS_IN'",
"250","06001","25006001","08000","25008000","02000","SS",,"MEK/007",,,"1802/89","11/10/88","Size 25 Bands.pdf","Field 'date' on pg 2 taken to be 'DATE_BANDS_IN'",
"250","08001","25008001","10000","25010000","02000","SS",,"MEK010",,,,,"Size 25 Bands.pdf",,
"250","10001","25010001","11000","25011000","01000","SS","Mekaniska",,"02/09/94","26/09/94","13448/95","26/05/95","Size 25 Bands.pdf",,
"250","11001","25011001","12000","25012000","01000","SS","Mekaniska",,"05/12/95","08/01/96","20496/96","13/06/96","Size 25 Bands.pdf",,
"250","12001","25012001","13000","25013000","01000","SS","Mekaniska",,"12/12/96","15/01/97","26950/97","05/08/97","Size 25 Bands.pdf",,
"250","13001","25013001","14000","25014000","01000","SS","Mekaniska",,"20/10/06","24/10/06",45047989,"30/05/07","Size 25 Bands.pdf",,
"250","14001","25014001","19000","25019000","05000","SS","MEK",,,,"08/02/10","01/06/10","Size 25 Bands.pdf",,
"260",,,"00350","26000350",,"SS",,"STO/1",,,,,"Size 26 Bands.pdf",,
"260","00351","26000351","01350","26001350","01000","SS",,"LAM012",,,"01/4665/92",,"Size 26 Bands.pdf",,
"260","01351","26001351","02000","26002000","00650","SS",,"LAM013",,,,,"Size 26 Bands.pdf","*produced in 1991 (SS). Won't be able to use the first 150 due to duplicates",
"270","00001","27000001","08000","27008000","08000","SS",,,,,,,"Size 27 Bands.pdf",,
"270","08001","27008001","10000","27010000","02000","SS",,"MEK110",,,,,"Size 27 Bands.pdf",,
"270","10001","27010001","11000","27011000","01000","SS","Mekaniska",,"04/04/00","05/06/03",100002706,"24/10/00","Size 27 Bands.pdf",,
"270","11001","27011001","12000","27012000","01000","SS","Mekaniska",,"20/10/06","24/10/06",45047989,"30/05/07","Size 27 Bands.pdf",,
"270","12001","27012001","13000","27013000","01000","SS","MEK",,"02/11/11","03/11/11","63/0/062","21/02/12","Size 27 Bands.pdf",,
"270","13001","27013001","14000","27014000","01000","SS","MEK",,,,"NA","30/05/14","Size 27 Bands.pdf",,
"270","14001","27014001","15000","27015000","01000","SS","MEK",,"22/10/14",,,,"Size 27 Bands.pdf",,
"280",,,"12000","28012000",,"SS",,,,,,,"Size 28 Bands.pdf",,
"280","12001","28012001","14000","28014000","02000","SS",,"Mek",,,"PW0528/88","17/07/87","Size 28 Bands.pdf","Field 'date' on pg 2 taken to be 'DATE_BANDS_IN'",
"280","14001","28014001","15000","28015000","01000","SS",,"NONE",,,"PW1334/88","07/06/88","Size 28 Bands.pdf","Field 'date' on pg 2 taken to be 'DATE_BANDS_IN'",
"280","15001","28015001","17000","28017000","02000","SS","Mekaniska",,"05/12/95","08/01/96","20496/96","13/06/96","Size 28 Bands.pdf",,
"280","17001","28017001","18000","28018000","01000","SS","MEK",,"02/11/11","03/11/11",63101002,"21/02/12","Size 28 Bands.pdf",,
"290",,,"06000","29006000",,"SS",,,,,,,"Size 29 Bands.pdf",,
"290","06001","29006001","07000","29007000","01000","SS",,"LAM011",,,,,"Size 29 Bands.pdf",,
"290","07001","29007001","09000","29009000","02000","SS",,"LAM012",,,"01/4665/92",,"Size 29 Bands.pdf",,
"290","09001","29009001","10000","29010000","01000","SS","Lambournes",,"22/09/94","17/10/94","1364/95","03/04/95","Size 29 Bands.pdf",,
"290","10001","29010001","11000","29011000","01000","SS","Lambournes",,"05/12/95","08/12/95","20222/96","11/04/96","Size 29 Bands.pdf",,
"300","00001","30000001","01000","30001000","01000","SS","Mekaniska",,"06/09/93","27/09/93","10252/94","05/07/94","Size 30 Bands.pdf",,
"310","00001","31000001","00200","31000200","00200","SS","DL",,"05/08/97","19/08/97","30069/98","07/10/07","Size 31 Bands.pdf",,
"310","00201","31000201","01000","31001000","00800","SS","DL",,"23/07/99",,,"11/10/99","Size 31 Bands.pdf",,
"320","00001","32000001","00200","32000200","00200","SS","DL",,"05/08/97","19/08/97","30069/98","07/10/97","Size 32 Bands.pdf",,
"320","00201","32000201","02000","32002000","01800","SS","DL",,"23/07/99",,,"11/10/99","Size 32 Bands.pdf",,
"320","02001","32002001","03000","32003000","01000","SS","DL",,"02/11/11","03/11/11",6572,"01/12/12","Size 32 Bands.pdf",,
"330","00001","33000001","00200","33000200","00200","SS","DL",,"05/08/97","19/08/97","30069/98","07/10/97","Size 33 Bands.pdf",,
"330","00201","33000201","02000","33002000","01800","SS","DL",,"23/07/99",,,"11/10/99","Size 33 Bands.pdf",,
"340","00001","34000001","00200","34000200","00200","SS","DL",,"05/08/97","19/08/97","30069-98","07/10/97","Size 34 Bands.pdf",,
"340","00201","34000201","01000","34001000","00800","SS","DL",,"23/07/99",,,"11/10/99","Size 34 Bands.pdf",,
"350","00001","35000001","01000","35001000","01000","AM","LAMB",,,,,"24/04/01","Size 35 Bands.pdf",,
"350","01001","35001001","02000","35002000","01000","AM","WT",,"24/09/02","02/10/02",45023056,"19/02/03","Size 35 Bands.pdf",,
"350","02001","35002001","03000","35003000","01000","SS","WT",,"20/10/06","21/10/06",45047987,"03/01/07","Size 35 Bands.pdf",,
"350","03001","35003001","04000","35004000","05000","SS","WT",,"29/10/07","30/10/07",45053441,"24/01/08","Size 35 Bands.pdf",,
"360","00001","36000001","01000","36001000","01000","SS","DL",,"09/01/06","10/01/06","Under 2000","17/02/06","Size 36 Bands.pdf",,
"360","01001","36001001","06000","36006000","05000","SS","DL",,"29/10/06",,,"18/06/07","Size 36 Bands.pdf",,
"370","00001","37000001","01000","37001000","01000","SS","MEK",,"20/10/06","24/10/06",45047989,"30/03/07","Size 37 Bands.pdf",,
"370","01001","37001001","06000","37006000","05000","SS","MEK",,"29/10/07","16/11/07",45053044,"03/06/08","Size 37 Bands.pdf",,
"380","00001","38000001","01000","38001000","01000","SS","MEK",,"20/10/06","24/10/06",45047989,"30/05/07","Size 38 Bands.pdf",,
"380","01001","38001001","06000","38006000","05000","SS","MEK",,"29/10/07","16/11/07",4505344,"03/06/08","Size 38 Bands.pdf",,
"_K0",,,"02000","_K002000",,,,"LAM/008",,,"PW1803/89","24/11/89","Size K Bands.pdf",,
"_K0","02001","_K002001","03000","_K003000","01000","AY","Lambournes",,"05/12/95","08/12/95","20222/96","11/04/96","Size K Bands.pdf",,
"_K0","03001","_K003001","05000","_K005000","02000","AY","Lambournes",,,"23/06/98","35136/99","01/02/99","Size K Bands.pdf",,
"_K0","05001","_K005001","06000","_K006000","01000","AY","Lambournes",,"12/04/99","30/09/99",100000830,"17/09/99","Size K Bands.pdf",,
"_K0","06001","_K006001","08000","_K008000","02000","AY","WT",,"24/09/02","02/10/02",45023056,"19/02/03","Size K Bands.pdf",,
"_K0","08001","_K008001","10000","_K010000","02000","AY","WT",,"07/11/03","20/11/03",45027702,,"Size K Bands.pdf",,
"_K0","10001","_K010001","12000","_K012000","02000","AY","WT",,"23/12/09",,"NA","02/06/10","Size K Bands.pdf",,
"_K0","12001","_K012001","13000","_K013000","01000","AY","WT",,"02/11/11","03/01/12",,"01/02/12","Size K Bands.pdf",,
"_K0","13001","_K013001","15000","_K015000","02000","AY","WT",,,,,"17/02/14","Size K Bands.pdf",,
"_K0","15001","_K015001","18000","_K018000","03000","AY","WT",,"17/10/14",,,,"Size K Bands.pdf",,
"_K0","18001","_K018001","23000","_K023000","05000","AY","WT",,"03/11/15","10/11/15",,"10/02/16","Size K Bands.pdf",,
"W",,,"00300","W00300",,,,,,,,"03/11/97","Size W Bands.pdf","Field 'date' on pg 2 taken to be 'DATE_BANDS_IN'",
"_00","10001","_0010001","12000","_0012000","02000","AY","Lambournes",,"12/06/98","30/04/99",100000830,"17/09/99","BAT Size 00 Bands.pdf",,
"_00","12001","_0012001","21000","_0021000","09000","AY","LAMB",,"04/04/00",,,,"BAT Size 00 Bands.pdf",,
"_10","10001","_1010001","12000","_1012000","02000","AY","Lambournes",,"12/06/98","23/11/98","35136/99","17/02/99","BAT Size 01 Bands.pdf",,
"_10","12001","_1012001","22000","_1022000","10000","AY","LAMB",,"04/04/00",,,"19/09/00","BAT Size 01 Bands.pdf",,
"_20",,,"72000","_2072000",,,,"LAM/008","PW1803/89",,,"14/10/88","BAT Size 02 Bands.pdf","Field 'date' on pg 2 taken to be 'DATE_BANDS_IN'",
"_20","72001","_2072001","74000","_2074000","02000","AY","LAMBOURNES",,"12/06/98","23/06/98","35136/99","01/02/99","BAT Size 02 Bands.pdf",,
"_20","74001","_2074001","79000","_2079000","05000","AY","LAMBOURNES",,"12/04/99","30/04/99",100000830,"17/09/99","BAT Size 02 Bands.pdf",,
"_20","79001","_2079001","86000","_2086000","07000","AY","LAMB",,"04/04/00","10/04/00",,"19/09/00","BAT Size 02 Bands.pdf",,
"_20","86001","_2086001","96000","_2096000","10000","AY","WT",,"27/07/01","30/09/01",100004029,"21/02/02","BAT Size 02 Bands.pdf",,
"_20","96001","_2096001","98000","_2098000","02000","AY","WT",,"07/11/03","20/11/03",45027702,"02/02/04","BAT Size 02 Bands.pdf",,
"_20","98001","_2098001","99999","_2099999","02000","AY","WT",,"17/10/14",,,,"BAT Size 02 Bands.pdf",,
"_21","00001","_2100001","02000","_2102000","02000","AY","WT",,"17/10/14",,,,"BAT Size 02 Bands.pdf",,
"_21","02001","_2102001","07000","_2107000","05000","AY","WT",,"03/11/15","10/11/15",,"10/02/16","BAT Size 02 Bands.pdf",,
"_30","05001","_3005001","07000","_3007000","02000","IN","LAMBOURNES",,"12/06/98","30/04/99",100000830,"17/09/99","BAT Size 03 Bands.pdf",,
"_30","07001","_3007001","16000","_3016000","09000","IN","LAMB",,"04/04/00",,,,"BAT Size 03 Bands.pdf",,
"_31",,,,,"00005",,"DL",,"05/08/97","19/08/97","30069/98","07/10/97","Applicators.pdf",,
"_32",,,,,"00005",,"DL",,"05/08/97","19/08/97","30069/98","07/10/97","Applicators.pdf",,
"_33",,,,,"00005",,"DL",,"05/08/97","19/08/97","30069/98","07/10/97","Applicators.pdf",,
"_34",,,,,"00005",,"DL",,"05/08/97","19/08/97","30069/98","07/10/97","Applicators.pdf",,
"_32",,,,,"00002",,"DL",,"23/07/99",,,,"Applicators.pdf",,
"_33",,,,,"00002",,"DL",,"23/07/99",,,,"Applicators.pdf",,
"_34",,,,,"00002",,"DL",,"23/07/99",,,,"Applicators.pdf",,
"_36",,,,,"00002",,"DL",,"29/10/07",,,,"Applicators.pdf",,
"pliers_large",,,,,"00006",,"Lambournes",,"14/12/96","04/12/96","26499/97","19/05/97","Pliers Large.pdf",,
"pliers_large",,,,,"00006",,"Lambournes",,"30/09/97","03/10/97","30771/98","27/03/98","Pliers Large.pdf",,
"pliers_large",,,,,"00006",,"Lambournes",,"12/06/98","23/06/98","35136/99","17/02/99","Pliers Large.pdf",,
"pliers_large",,,,,"00012",,"Lambournes",,"12/04/99","30/09/99",100000830,"17/09/99","Pliers Large.pdf",,
"pliers_large",,,,,"00012",,"WETLANDS",,"16/08/01","20/08/01","-","11/10/01","Pliers Large.pdf",,
"pliers_large",,,,,"00024",,"WT",,"24/09/02","02/10/02",45023056,"14/02/03","Pliers Large.pdf",,
"pliers_large",,,,,"00009",,"WT",,"07/11/03","20/11/03","NOT FILLED",,"Pliers Large.pdf",,
"pliers_large",,,,,"00010",,"WT",,8,8,,"01/04/09","Pliers Large.pdf",,
"pliers_large",,,,,"00030",,"Porzana",,"07/12/10","07/12/10",1897,"00-06-11","Pliers Large.pdf",,
"pliers_large",,,,,"00010",,"WT",,,,,"06/02/14","Pliers Large.pdf",,
"pliers_large",,,,,"00010",,"WT",,"22/10/14",,,,"Pliers Large.pdf",,
"pliers_large",,,,,"00010",,"WT",,"03/11/15",,,"10/02/16","Pliers Large.pdf",,
"pliers_small",,,,,"00030",,"Lambournes",,"05/12/95","08/12/95","20222/96","11/04/96","Pliers Small.pdf",,
"pliers_small",,,,,"00006",,"Lambournes",,"04/12/96","04/12/96","26499/97","19/05/97","Pliers Small.pdf",,
"pliers_small",,,,,"00024",,"Lambournes",,"30/09/97","03/10/97","30771/98","27/03/98","Pliers Small.pdf",,
"pliers_small",,,,,"00006",,"LAMB",,"12/06/98","23/06/98","35136/99","17/02/99","Pliers Small.pdf",,
"pliers_small",,,,,"00012",,"Lambournes",,"12/04/99","30/04/99",100000830,"17/09/99","Pliers Small.pdf",,
"pliers_small",,,,,"00012",,"WETLANDS",,"16/08/01","20/08/01","-","11/10/01","Pliers Small.pdf",,
"pliers_small",,,,,"00020",,"WT",,"24/09/02","02/10/02",45023056,"19/02/03","Pliers Small.pdf",,
"pliers_small",,,,,"00011",,"WT",,"07/11/03","20/11/03","NOT FILLED",,"Pliers Small.pdf",,
"pliers_small",,,,,"00010",,"WT",,"29/10/07","30/10/07",45053441,"24/01/08","Pliers Small.pdf",,
"pliers_small",,,,,"00030",,"Porzana",,"07/12/10","07/12/10",1897,"17/06/11","Pliers Small.pdf",,
"pliers_small",,,,,"00015",,"WT-Porzana",,,,,,"Pliers Small.pdf",,
"pliers_small",,,,,"00010",,"WT-Porzana",,,,,"06/02/14","Pliers Small.pdf",,
"pliers_small",,,,,"00010",,"WT",,"22/10/14",,,,"Pliers Small.pdf",,
"pliers_small",,,,,"00010",,"WT",,"03/11/15",,,"10/02/16","Pliers Small.pdf",,
