"Box","Size","IssueState","Metals","Batch","startNum","endNum","numInPacket","Band_1","Band_2","Band_3","Band_4","Band_5","lookupNum"
"5",1,"Returned","AY","016","35060","35100",41,0.0371,0.0374,0.0384,"NA","NA","01635060"
"5",1,"Returned","AY","016","92552","92600",49,0.043,0.0432,0.0436,"NA","NA","01692552"
"5",1,"Returned","AY","016","69517","69600",84,0.0431,0.0439,0.0436,"NA","NA","01669517"
"5",1,"Returned","AY","016","67904","68000",97,0.0436,0.0433,0.0434,"NA","NA","01667904"
"5",1,"Returned","AY","016","80301","80400",100,0.0437,0.0439,0.0428,"NA","NA","01680301"
"5",1,"Returned","AY","016","81801","82000",200,0.0432,0.0433,0.044,"NA","NA","01681801"
"5",1,"Returned","AY","016","75461","75500",40,0.0435,0.043,0.0434,"NA","NA","01675461"
"5",1,"Returned","AY","016","80284","80299",16,0.0438,0.0436,0.0429,"NA","NA","01680284"
"5",1,"Returned","AY","016","71735","71797",63,0.0439,0.0437,0.0432,"NA","NA","01671735"
"5",1,"Returned","AY","016","02101","02200",100,0.0387,0.0387,0.0394,"NA","NA","01602101"
"5",1,"Returned","AY","017","54011","54100",90,0.0411,0.0416,0.0416,"NA","NA","01754011"
"5",1,"Returned","AY","017","50204","50400",197,0.0425,0.041,0.0414,"NA","NA","01750204"
"5",1,"Returned","AY","017","55908","55999",92,0.0416,0.0423,0.0419,"NA","NA","01755908"
"5",1,"Returned","AY","017","12941","13000",60,0.0423,0.0421,0.0433,"NA","NA","01712941"
"5",1,"Returned","AY","017","13011","13200",190,0.0426,0.0424,0.0418,"NA","NA","01713011"
"5",1,"Returned","AY","017","29401","29900",500,0.0423,0.0425,0.0427,"NA","NA","01729401"
"5",1,"Returned","AY","017","54101","54600",500,0.0408,0.0407,0.0407,"NA","NA","01754101"
"5",1,"Returned","AY","015","18901","19000",100,0.0405,0.0418,0.0417,"NA","NA","01518901"
"5",1,"Returned","AY","015","99910","99999",90,0.0397,0.0399,0.0377,"NA","NA","01599910"
"5",1,"Returned","AY","015","12406","12500",95,0.0413,0.0419,0.0423,"NA","NA","01512406"
"5",1,"Returned","AY","015","06819","06900",82,0.0393,0.0383,0.0381,"NA","NA","01506819"
"5",1,"Returned","AY","015","87078","87100",23,0.0388,0.0381,0.0386,"NA","NA","01587078"
"5",1,"Returned","AY","015","00701","00800",100,0.0389,0.0393,0.0378,"NA","NA","01500701"
"5",1,"Returned","AY","014","18983","19000",18,0.0403,0.0404,0.0407,"NA","NA","01418983"
"5",1,"Returned","AY","014","23290","23295",6,0.0401,0.0407,0.0403,"NA","NA","01423290"
"5",1,"Returned","AY","014","89491","98491",1,0.0389,"NA","NA","NA","NA","01489491"
"5",1,"Returned","AY","014","73086","73100",15,0.0404,0.0407,0.0406,"NA","NA","01473086"
"5",1,"Returned","AY","018","09308","09393",86,0.0429,0.043,0.043,"NA","NA","01809308"
"5",1,"Returned","AY","018","09401","09499",99,0.0434,0.0432,0.0427,"NA","NA","01809401"
"5",2,"Returned","AY","024","33945","34000",146,0.0484,0.0492,0.0483,"NA","NA","02433945"
"5",2,"Returned","AY","024","06101","06200",100,0.0438,0.0433,0.0438,"NA","NA","02406101"
"5",2,"Returned","AY","024","29201","29300",100,0.0434,0.0443,0.0447,"NA","NA","02429201"
"5",2,"Returned","AY","024","06201","06300",100,0.0436,0.0436,0.043,"NA","NA","02406201"
"5",2,"Returned","AY","024","81746","81800",55,0.0481,0.0479,0.0484,"NA","NA","02481746"
"5",2,"Returned","AY","024","78348","78400",53,0.0482,0.0486,0.048,"NA","NA","02478348"
"5",2,"Returned","AY","024","22423","22423",1,0.0445,"NA","NA","NA","NA","02422423"
"5",2,"Returned","AY","024","11207","11300",87,0.0432,0.0425,0.0435,"NA","NA","02411207"
"5",2,"Returned","AY","024","22501","22600",100,0.0435,0.0434,0.0445,"NA","NA","02422501"
"5",2,"Returned","AY","024","37301","37400",100,0.0479,0.048,0.0483,"NA","NA","02437301"
"5",2,"Returned","AY","025","36123","36200",78,0.0474,0.0473,0.0475,"NA","NA","02536123"
"5",2,"Returned","AY","025","72401","72500",100,0.0458,0.0468,0.0468,"NA","NA","02572401"
"5",2,"Returned","AY","025","01058","01100",43,0.0486,0.0487,0.0482,"NA","NA","02501058"
"5",2,"Returned","AY","025","36301","36800",500,0.0474,0.0477,0.0476,"NA","NA","02536301"
"5",2,"Returned","AY","025","58501","59000",500,0.046,0.0466,0.0471,"NA","NA","02558501"
"5",2,"Returned","AY","025","41901","42000",100,0.0452,0.046,0.046,"NA","NA","02541901"
"5",2,"Returned","AY","025","15207","15300",94,0.0476,0.0472,0.0469,"NA","NA","02515207"
"5",2,"Returned","AY","025","25901","26000",100,0.0484,0.0479,0.0475,"NA","NA","02525901"
"5",2,"Returned","AY","025","72856","73000",145,0.0467,0.0465,0.0468,"NA","NA","02572856"
"5",2,"Returned","AY","025","37689","37800",112,0.0475,0.0482,0.0474,"NA","NA","02537689"
"5",2,"Returned","AY","023","00701","00800",100,0.0656,0.0656,0.0653,"NA","NA","02300701"
"5",2,"Returned","AY","023","84413","74600",192,0.0446,0.0455,0.0453,"NA","NA","02384413"
"5",2,"Returned","AY","023","55422","55422",1,0.0469,"NA","NA","NA","NA","02355422"
"5",2,"Returned","AY","023","99902","99999",98,0.0453,0.0453,0.0446,"NA","NA","02399902"
"5",2,"Returned","AY","023","90812","90899",88,0.0455,0.0449,0.0454,"NA","NA","02390812"
"5",2,"Returned","AY","023","92011","92100",90,0.0457,0.0461,0.0452,"NA","NA","02392011"
"5",2,"Returned","AY","023","91001","91100",100,0.0468,0.0458,0.0457,"NA","NA","02391001"
"5",2,"Returned","AY","023","48508","48600",93,0.0422,0.0481,0.0487,"NA","NA","02348508"
"5",2,"Returned","AY","023","44801","44900",100,0.0484,0.0482,0.0476,"NA","NA","02344801"
"5",2,"Returned","AY","023","43513","43600",87,0.0481,0.043,0.0476,"NA","NA","02343513"
"2",3,"Returned","AM,ML","030","05101","05200",100,0.1264,0.1265,0.126,"NA","NA","03005101"
"2",3,"Returned","AM,ML","030","54301","54388",88,0.1127,0.1135,0.1117,"NA","NA","03054301"
"2",3,"Returned","AM,ML","030","63501","63600",100,0.1139,0.112,0.1129,"NA","NA","03063501"
"2",3,"Returned","AM,ML","030","64922","46990",69,0.1114,0.1127,0.1118,"NA","NA","03064922"
"2",3,"Returned","AM,ML","030","67503","67600",98,0.1119,0.1123,0.1123,"NA","NA","03067503"
"2",3,"Returned","AM,ML","030","71053","71100",48,0.1123,0.1119,0.1116,"NA","NA","03071053"
"2",3,"Returned","AM,ML","030","73227","73300",74,0.1089,0.1091,0.1093,"NA","NA","03073227"
"2",3,"Returned","AM,ML","030","88714","88800",87,0.1106,0.1097,0.1101,"NA","NA","03088714"
"2",3,"Returned","AM,ML","030","96632","96700",69,0.1145,0.1143,0.1127,"NA","NA","03096632"
"2",3,"Returned","AM,ML","030","96810","96900",91,0.1142,0.1135,0.1142,"NA","NA","03096810"
"2",3,"Returned","AM,ML","031","00819","00900",82,0.1236,0.1248,0.1241,"NA","NA","03100819"
"2",3,"Returned","AM,ML","031","18774","18800",27,0.1221,0.1224,0.1229,"NA","NA","03118774"
"2",3,"Returned","AM,ML","031","30289","30300",12,0.1231,0.1234,0.1228,"NA","NA","03130289"
"2",3,"Returned","AM,ML","031","38338","38400",77,0.1222,0.1232,0.1233,"NA","NA","03138338"
"2",3,"Returned","AM,ML","031","59394","59400",7,0.12,0.1202,0.1201,"NA","NA","03159394"
"2",3,"Returned","AM,ML","031","70737","70743",7,0.122,0.1221,0.122,"NA","NA","03170737"
"2",3,"Returned","AM,ML","031","70764","70800",36,0.1216,0.1218,0.1223,"NA","NA","03170764"
"2",3,"Returned","AM,ML","031","82160","82200",41,0.1255,0.1253,0.1253,"NA","NA","03182160"
"2",3,"Returned","AM,ML","031","85704","85800",97,0.1248,0.1241,0.1248,"NA","NA","03185704"
"2",3,"Returned","AM,ML","031","89706","89800",95,0.1245,0.1241,0.1246,"NA","NA","03189706"
"1",3,"Returned","AY, IN","032","30456","30456",1,0.148,"NA","NA","NA","NA","03230456"
"1",3,"Returned","AY, IN","032","30701","30750",50,0.1496,0.1495,0.1484,"NA","NA","03230701"
"1",3,"Returned","AY, IN","032","31011","31050",40,0.1476,0.1493,0.1505,"NA","NA","03231011"
"1",3,"Returned","AY, IN","032","39551","39600",50,0.1671,0.1487,0.1626,"NA","NA","03239551"
"1",3,"Returned","AY, IN","032","39601","39650",50,0.1647,0.1649,0.1615,"NA","NA","03239601"
"1",3,"Returned","AY, IN","032","49701","49800",100,0.1637,0.1691,0.1664,"NA","NA","03249701"
"1",3,"Returned","AY, IN","032","62062","62100",39,0.1578,0.1588,0.1592,"NA","NA","03262062"
"1",3,"Returned","AY, IN","032","66139","66200",62,0.0733,0.0721,0.0748,"NA","NA","03266139"
"1",3,"Returned","AY, IN","032","82063","82100",38,0.0725,0.0712,0.0718,"NA","NA","03282063"
"1",3,"Returned","AY, IN","032","84035","84100",66,0.0706,0.0716,0.0704,"NA","NA","03284035"
"1",3,"Returned","AY, IN","033","00011","00100",90,0.0724,0.0731,0.0727,"NA","NA","03300011"
"1",3,"Returned","AY, IN","033","27605","27700",96,0.0722,0.0714,0.0717,"NA","NA","03327605"
"1",3,"Returned","AY, IN","033","35306","35308",3,0.072,0.0725,0.0726,"NA","NA","03335306"
"1",3,"Returned","AY, IN","033","61601","61650",50,0.0736,0.0724,0.073,"NA","NA","03361601"
"1",3,"Returned","AY, IN","033","86731","86731",1,0.0721,0.0721,0.0721,"NA","NA","03386731"
"1",3,"Returned","AY, IN","033","86767","86800",34,0.0717,0.0717,0.0716,"NA","NA","03386767"
"1",3,"Returned","AY, IN","033","89701","89800",100,0.0721,0.0708,0.0713,"NA","NA","03389701"
"1",3,"Returned","AY, IN","033","90606","90700",95,0.0719,0.072,0.0716,"NA","NA","03390606"
"1",3,"Returned","AY, IN","033","94801","94900",100,0.0719,0.0719,0.0715,"NA","NA","03394801"
"1",3,"Returned","AY, IN","033","95201","95300",100,0.0714,0.0714,0.0721,"NA","NA","03395201"
"1",3,"Returned","AY, IN","034","00317","00400",84,0.0721,0.0716,0.0719,"NA","NA","03400317"
"1",3,"Returned","AY, IN","034","10386","10393",8,0.0718,0.0719,0.0719,"NA","NA","03410386"
"1",3,"Returned","AY, IN","034","23296","23300",5,0.0719,0.072,0.072,"NA","NA","03423296"
"1",3,"Returned","AY, IN","034","23301","23350",50,0.0722,0.0721,0.0722,"NA","NA","03423301"
"1",3,"Returned","AY, IN","034","31505","31550",46,0.0722,0.0735,0.0722,"NA","NA","03431505"
"1",3,"Returned","AY, IN","034","31852","31900",49,0.072,0.0724,0.0723,"NA","NA","03431852"
"1",3,"Returned","AY, IN","034","38747","38750",4,0.0723,0.0722,0.072,"NA","NA","03438747"
"1",3,"Returned","AY, IN","034","41011","41050",40,0.0722,0.0723,0.0722,"NA","NA","03441011"
"1",3,"Returned","AY, IN","034","41051","41100",50,0.0723,0.0727,0.0723,"NA","NA","03441051"
"1",3,"Returned","AY, IN","034","67651","67700",50,0.0711,0.0714,0.0714,"NA","NA","03467651"
"12",4,"Returned","AM","040","00873","00891",19,0.1254,0.1265,0.1268,"NA","NA","04000873"
"12",4,"Returned","AM","040","68624","68650",27,0.1354,0.135,0.1358,"NA","NA","04068624"
"12",4,"Returned","AM","040","13912","13999",88,0.1305,0.1285,0.1294,"NA","NA","04013912"
"12",4,"Returned","AM","040","79310","79350",41,0.1386,0.1386,0.1393,"NA","NA","04079310"
"12",4,"Returned","AM","040","85801","85900",100,0.1421,0.1418,0.1409,"NA","NA","04085801"
"12",4,"Returned","AM","040","05895","05900",5,0.125,0.1251,0.125,"NA","NA","04005895"
"12",4,"Returned","AM","040","78211","78218",8,0.1376,0.1378,0.1381,"NA","NA","04078211"
"12",4,"Returned","AM","040","81610","81650",41,0.1423,0.1427,0.1422,"NA","NA","04081610"
"12",4,"Returned","AM","040","74849","74849",1,0.1377,"NA","NA","NA","NA","04074849"
"12",4,"Returned","AM","040","89066","89100",35,0.143,0.1435,0.143,"NA","NA","04089066"
"12",4,"Returned","ML","040","41671","41700",30,0.1281,0.1276,0.128,"NA","NA","04041671"
"12",4,"Returned","ML","040","41922","42000",79,0.1272,0.1264,0.1268,"NA","NA","04041922"
"12",4,"Returned","ML","040","42028","42100",73,0.1267,0.1259,0.127,"NA","NA","04042028"
"12",4,"Returned","ML","040","44427","44500",73,0.1276,0.1275,0.1279,"NA","NA","04044427"
"12",4,"Returned","ML","040","49612","49699",88,0.1247,0.1251,0.124,"NA","NA","04049612"
"12",4,"Returned","ML","040","49907","50000",94,0.125,0.1243,0.1246,"NA","NA","04049907"
"12",4,"Returned","ML","040","52511","52600",90,0.1253,0.1247,0.1242,"NA","NA","04052511"
"12",4,"Returned","ML","040","53401","53500",100,0.1246,0.1252,0.1255,"NA","NA","04053401"
"12",4,"Returned","ML","040","56084","56090",7,0.1235,0.1228,0.124,"NA","NA","04056084"
"12",4,"Returned","ML","040","57801","57900",100,0.121,0.1217,0.1219,"NA","NA","04057801"
"12",4,"Returned","IN","040","92220","92250",31,0.1686,0.1883,0.1878,"NA","NA","04092220"
"12",4,"Returned","IN","040","94611","94700",90,0.1627,0.1752,0.1761,"NA","NA","04094611"
"12",4,"Returned","IN","040","99925","99999",75,0.1798,0.1785,0.1785,"NA","NA","04099925"
"12",4,"Returned","IN","041","02082","02085",4,0.1806,0.1807,0.1788,"NA","NA","04102082"
"12",4,"Returned","IN","041","02087","02099",13,0.1847,0.1834,0.1846,"NA","NA","04102087"
"12",4,"Returned","IN","041","05712","05749",38,0.1835,0.1857,0.1806,"NA","NA","04105712"
"12",4,"Returned","IN","041","06961","07200",280,0.1801,0.1824,0.1818,"NA","NA","04106961"
"12",4,"Returned","IN","041","10806","10900",95,0.1806,0.1855,0.1832,"NA","NA","04110806"
"12",4,"Returned","IN","041","13066","13100",34,0.1788,0.1853,0.182,"NA","NA","04113066"
"12",4,"Returned","IN","041","17674","17700",27,0.1742,0.1674,0.1713,"NA","NA","04117674"
"12",4,"Returned","AY","040","30204","30300",96,0.1267,0.1265,0.1262,"NA","NA","04030204"
"12",4,"Returned","AY","040","75562","75590",29,0.1373,0.1373,0.1375,"NA","NA","04075562"
"12",4,"Returned","AY","041","16801","16950",150,0.1852,0.1793,0.1787,"NA","NA","04116801"
"12",4,"Returned","AY","041","19035","19050",16,0.0854,0.0855,0.0848,"NA","NA","04119035"
"12",4,"Returned","AY","041","20471","20500",30,0.085,0.844,0.0847,"NA","NA","04120471"
"12",4,"Returned","AY","041","20512","20550",39,0.0847,0.0858,0.0856,"NA","NA","04120512"
"12",4,"Returned","AY","041","27815","27847",31,0.0849,0.0842,0.0855,"NA","NA","04127815"
"12",4,"Returned","AY","041","30551","30600",50,0.0855,0.0848,0.0841,"NA","NA","04130551"
"12",4,"Returned","AY","041","50512","50600",89,0.0866,0.088,0.0879,"NA","NA","04150512"
"12",4,"Returned","AY","041","53001","53050",50,0.086,0.0865,0.0867,"NA","NA","04153001"
"12",4,"Returned","AY","041","72251","72350",100,0.0824,0.0814,0.0823,"NA","NA","04172251"
"12",4,"Returned","AY","041","80764","80850",87,0.0828,0.0819,0.0823,"NA","NA","04180764"
"13",5,"Returned","AY","051","89968","89978",11,0.105,0.104,0.1029,"NA","NA","05189968"
"13",5,"Returned","AY","052","04151","04200",50,0.1032,0.1045,0.1037,"NA","NA","05204151"
"13",5,"Returned","SS","052","12702","12750",49,0.2842,0.2846,0.2849,"NA","NA","05212702"
"13",5,"Returned","AY","053","01111","01199",89,0.1056,0.1048,0.1041,"NA","NA","05301111"
"8",6,"Returned","IN","060","54128","54200",73,0.3503,0.3493,0.3483,"NA","NA","06054128"
"8",6,"Returned","IN","061","45951","45990",40,0.2338,0.2351,0.2313,"NA","NA","06145951"
"8",6,"Returned","IN","061","43431","43500",70,0.2333,0.2304,0.2323,"NA","NA","06143431"
"8",6,"Returned","IN","061","43651","43950",89,0.2333,0.2319,0.2315,"NA","NA","06143651"
"8",6,"Returned","IN","061","95531","95600",69,0.1676,0.1669,0.1666,"NA","NA","06195531"
"8",6,"Returned","IN","061","31501","31512",12,0.6577,0.6567,0.6564,"NA","NA","06131501"
"8",6,"Returned","IN","061","42153","42200",48,0.2311,0.2314,0.2326,"NA","NA","06142153"
"8",6,"Returned","IN","061","86302","86350",49,0.2406,0.237,0.2422,"NA","NA","06186302"
"8",6,"Returned","IN","061","73148","73150",3,0.2318,0.2352,0.2322,"NA","NA","06173148"
"8",6,"Returned","IN","061","20212","20500",289,0.2325,0.2342,0.235,"NA","NA","06120212"
"8",6,"Returned","ML","060","53202","53240",39,0.3524,0.3503,0.3507,"NA","NA","06053202"
"8",6,"Returned","ML","060","55241","55300",60,0.3481,0.3476,0.3478,"NA","NA","06055241"
"8",6,"Returned","ML","060","59601","59700",100,0.3511,0.3527,0.3497,"NA","NA","06059601"
"8",6,"Returned","ML","060","68330","68349",19,0.3572,0.356,0.3565,"NA","NA","06068330"
"8",6,"Returned","ML","060","59027","59100",74,0.3467,0.346,0.347,"NA","NA","06059027"
"8",6,"Returned","ML","060","61137","61200",64,0.3567,0.3563,0.3571,"NA","NA","06061137"
"8",6,"Returned","ML","060","76553","76600",47,0.3475,0.3473,0.3488,"NA","NA","06076553"
"8",6,"Returned","ML","060","74076","74100",25,0.3502,0.3502,0.3495,"NA","NA","06074076"
"8",6,"Returned","ML","060","75292","75300",9,0.3455,0.3454,0.3458,"NA","NA","06075292"
"8",6,"Returned","ML","060","52341","52400",60,0.3493,0.3501,0.3504,"NA","NA","06052341"
"8",6,"Returned","AM","060","38464","38500",35,0.2398,0.2407,0.2401,"NA","NA","06038464"
"8",6,"Returned","AM","060","34985","35000",3,0.2361,0.2375,0.2366,"NA","NA","06034985"
"8",6,"Returned","AM","060","35616","35700",86,0.2395,0.2377,0.2393,"NA","NA","06035616"
"8",6,"Returned","AM","060","25660","25680",21,0.2378,0.238,0.239,"NA","NA","06025660"
"8",6,"Returned","AM","060","89801","89900",100,0.2319,0.2321,0.2308,"NA","NA","06089801"
"8",6,"Returned","AM","060","18302","18400",99,0.2375,0.236,0.2356,"NA","NA","06018302"
"8",6,"Returned","AM","060","22649","22670",22,0.2364,0.2379,0.2373,"NA","NA","06022649"
"8",6,"Returned","AM","060","24541","24550",10,0.2384,0.2386,0.2389,"NA","NA","06024541"
"8",6,"Returned","AM","060","42501","42700",200,0.2405,0.2407,0.2405,"NA","NA","06042501"
"8",6,"Returned","AM","061","36789","36800",12,0.6046,0.603,0.6012,"NA","NA","06136789"
"8",6,"Returned","AM","061","26902","26945",24,0.2345,0.2349,0.2341,"NA","NA","06126902"
"8",6,"Returned","AM","061","02216","02249",34,0.2348,0.2332,0.2349,"NA","NA","06102216"
"8",6,"Returned","AM","061","10840","10900",60,0.236,0.2366,0.2359,"NA","NA","06110840"
"8",6,"Returned","AM","061","07782","07794",8,0.2359,0.2349,0.2355,"NA","NA","06107782"
"8",6,"Returned","AM","061","06916","07000",85,0.2333,0.2337,0.2327,"NA","NA","06106916"
"8",6,"Returned","AM","061","29502","29520",19,0.2337,0.2338,0.2336,"NA","NA","06129502"
"8",6,"Returned","AM","061","33643","33700",58,0.6371,0.6345,0.6382,"NA","NA","06133643"
"8",6,"Returned","AM","061","26433","26499",66,0.2359,0.2364,0.2363,"NA","NA","06126433"
"8",6,"Returned","AM","061","15127","15199",72,0.2363,0.2356,0.2363,"NA","NA","06115127"
"11",7,"Returned","ML,AM,IN,AY,SS","071","68701","68800",100,0.2367,0.239,0.2366,"NA","NA","07168701"
"11",7,"Returned","ML,AM,IN,AY,SS","071","32125","32125",1,0.2678,"NA","NA","NA","NA","07132125"
"11",7,"Returned","ML,AM,IN,AY,SS","071","50241","50260",20,0.7284,0.7173,0.7198,"NA","NA","07150241"
"11",7,"Returned","ML,AM,IN,AY,SS","071","60541","60545",5,0.1938,0.1939,0.194,"NA","NA","07160541"
"11",7,"Returned","ML,AM,IN,AY,SS","071","78678","78690",13,0.2447,0.2414,0.2409,"NA","NA","07178678"
"11",7,"Returned","ML,AM,IN,AY,SS","071","51511","51600",90,0.7148,0.7131,0.7133,"NA","NA","07151511"
"11",7,"Returned","ML,AM,IN,AY,SS","071","74318","74400",83,0.2411,0.2396,0.2435,"NA","NA","07174318"
"11",7,"Returned","ML,AM,IN,AY,SS","071","51983","52000",28,0.7114,0.7188,0.7093,"NA","NA","07151983"
"11",7,"Returned","ML,AM,IN,AY,SS","071","10214","10250",37,0.2699,0.2678,0.2699,"NA","NA","07110214"
"11",7,"Returned","ML,AM,IN,AY,SS","071","43443","43460",17,0.2658,0.2654,0.2665,"NA","NA","07143443"
"11",7,"Returned","ML,AM,IN,AY,SS","072","17601","17700",100,0.2547,0.2559,0.2571,"NA","NA","07217601"
"11",7,"Returned","ML,AM,IN,AY,SS","072","47601","47700",100,0.2585,0.2567,0.2566,"NA","NA","07247601"
"11",7,"Returned","ML,AM,IN,AY,SS","072","16503","16600",98,0.2565,0.2545,0.2571,"NA","NA","07216503"
"11",7,"Returned","ML,AM,IN,AY,SS","070","69602","69700",99,0.4122,0.4124,0.4123,"NA","NA","07069602"
"11",7,"Returned","ML,AM,IN,AY,SS","070","62305","62400",93,0.4144,0.4141,0.4145,"NA","NA","07062305"
"11",7,"Returned","ML,AM,IN,AY,SS","070","69813","69900",88,0.4082,0.4076,0.4084,"NA","NA","07069813"
"11",7,"Returned","ML,AM,IN,AY,SS","070","88151","88190",40,0.4094,0.4094,0.4078,"NA","NA","07088151"
"11",7,"Returned","ML,AM,IN,AY,SS","070","69951","69990",50,0.4094,0.4087,0.4089,"NA","NA","07069951"
"11",7,"Returned","ML,AM,IN,AY,SS","070","92517","92594",78,0.3944,0.3975,0.3953,"NA","NA","07092517"
"11",7,"Returned","ML,AM,IN,AY,SS","070","88521","88600",80,0.4024,0.4029,0.4031,"NA","NA","07088521"
"11",7,"Returned","ML,AM,IN,AY,SS","070","07162","07200",38,0.2807,0.2812,0.2816,"NA","NA","07007162"
"11",7,"Returned","ML,AM,IN,AY,SS","070","16810","16899",90,0.2736,0.2668,0.2722,"NA","NA","07016810"
"11",7,"Returned","ML,AM,IN,AY,SS","070","57308","57327",18,0.2781,0.2769,0.2763,"NA","NA","07057308"
"10",8,"Returned","ML,AM,AY,SS","080","43636","43638",3,0.3063,0.3057,0.3055,"NA","NA","08043636"
"10",8,"Returned","ML,AM,AY,SS","080","02785","02785",1,0.3215,"NA","NA","NA","NA","08002785"
"10",8,"Returned","ML,AM,AY,SS","080","43820","43820",1,0.3055,"NA","NA","NA","NA","08043820"
"10",8,"Returned","ML,AM,AY,SS","080","14726","14733",7,0.5929,0.5927,0.5916,"NA","NA","08014726"
"10",8,"Returned","ML,AM,AY,SS","080","02730","02778",31,0.3183,0.3184,0.3193,"NA","NA","08002730"
"10",8,"Returned","ML,AM,AY,SS","080","36603","36700",87,0.3081,0.3071,0.3068,"NA","NA","08036603"
"10",8,"Returned","ML,AM,AY,SS","080","62125","62200",76,0.3106,0.3116,0.3089,"NA","NA","08062125"
"10",8,"Returned","ML,AM,AY,SS","080","44904","44928",18,0.3099,0.3085,0.3091,"NA","NA","08044904"
"10",8,"Returned","ML,AM,AY,SS","080","44929","44949",21,0.3071,0.309,0.3095,"NA","NA","08044929"
"10",8,"Returned","ML,AM,AY,SS","080","84521","84537",17,0.3011,0.3002,0.2988,"NA","NA","08084521"
"10",8,"Returned","ML,AM,AY,SS","081","09333","09359",27,0.4805,0.4801,0.4795,"NA","NA","08109333"
"10",8,"Returned","ML,AM,AY,SS","081","11591","11600",10,0.4821,0.4776,0.4793,"NA","NA","08111591"
"10",8,"Returned","ML,AM,AY,SS","081","16117","16126",10,0.4559,0.4546,0.4555,"NA","NA","08116117"
"10",8,"Returned","ML,AM,AY,SS","081","18369","18380",12,0.4529,0.4523,0.4516,"NA","NA","08118369"
"10",8,"Returned","ML,AM,AY,SS","081","21959","21965",7,0.452,0.4524,0.4509,"NA","NA","08121959"
"10",8,"Returned","ML,AM,AY,SS","081","22212","22215",4,0.4522,0.453,0.4527,"NA","NA","08122212"
"10",8,"Returned","ML,AM,AY,SS","081","32057","32099",49,0.4415,0.4413,0.4427,"NA","NA","08132057"
"10",8,"Returned","ML,AM,AY,SS","081","39153","39200",48,0.4426,0.4421,0.4414,"NA","NA","08139153"
"10",8,"Returned","ML,AM,AY,SS","081","67725","67753",29,0.9524,0.945,0.9258,"NA","NA","08167725"
"10",8,"Returned","ML,AM,AY,SS","081","89734","89750",17,0.6001,0.5998,0.5974,"NA","NA","08189734"
"10",8,"Returned","ML,AM,AY,SS","082","03501","03550",50,0.6159,0.6123,0.6146,"NA","NA","08203501"
"10",8,"Returned","ML,AM,AY,SS","082","13921","13961",40,0.6128,0.6122,0.618,"NA","NA","08213921"
"10",8,"Returned","ML,AM,AY,SS","082","13983","14000",19,0.612,0.6124,0.613,"NA","NA","08213983"
"10",8,"Returned","ML,AM,AY,SS","082","17001","17050",50,0.6126,0.6095,0.6127,"NA","NA","08217001"
"10",8,"Returned","ML,AM,AY,SS","082","30501","30501",1,0.9085,"NA","NA","NA","NA","08230501"
"10",8,"Returned","ML,AM,AY,SS","081","39843","39850",8,0.4404,0.4402,0.4401,"NA","NA","08139843"
"10",8,"Returned","ML,AM,AY,SS","082","43160","43200",41,0.8313,0.8286,0.8301,"NA","NA","08243160"
"10",8,"Returned","ML,AM,AY,SS","082","66734","66750",12,0.8665,0.8664,0.8732,"NA","NA","08266734"
"10",8,"Returned","ML,AM,AY,SS","082","67024","67100",57,0.8644,0.8625,0.8653,"NA","NA","08267024"
"10",8,"Returned","ML,AM,AY,SS","082","74359","74359",1,0.7888,"NA","NA","NA","NA","08274359"
"9",9,"Returned","AM,SS","090","32502","32600",99,0.7418,0.738,0.7408,"NA","NA","09032502"
"9",9,"Returned","AM,SS","090","34551","34600",50,0.743,0.7445,0.7467,"NA","NA","09034551"
"9",9,"Returned","AM,SS","090","41796","41797",2,0.7608,0.7594,"NA","NA","NA","09041796"
"9",9,"Returned","AM,SS","090","46410","46500",45,0.76,0.7585,0.7597,"NA","NA","09046410"
"9",9,"Returned","AM,SS","090","49518","49590",67,0.7592,0.7565,0.7572,"NA","NA","09049518"
"9",9,"Returned","AM,SS","090","53581","53600",20,0.7376,0.7354,0.7375,"NA","NA","09053581"
"9",9,"Returned","AM,SS","090","54076","54100",25,0.7373,0.7392,0.7286,"NA","NA","09054076"
"9",9,"Returned","AM,SS","090","66034","66039",4,0.7344,0.734,0.7351,"NA","NA","09066034"
"9",9,"Returned","AM,SS","090","78475","78484",10,0.7321,0.7355,0.7311,"NA","NA","09078475"
"9",9,"Returned","AM,SS","090","87909","88000",86,0.7204,0.72,0.7302,"NA","NA","09087909"
"9",10,"Returned","AM,SS","100","00208","02110",2,0.8987,0.8902,"NA","NA","NA","10000208"
"9",10,"Returned","AM,SS","100","03353","03400",48,0.8717,0.88,0.8721,"NA","NA","10003353"
"9",10,"Returned","AM,SS","100","24528","24550",22,0.8745,0.8719,0.8705,"NA","NA","10024528"
"9",10,"Returned","AM,SS","100","27506","27600",92,0.8888,0.8939,0.8835,"NA","NA","10027506"
"9",10,"Returned","AM,SS","100","28434","28438",2,0.8817,0.8806,"NA","NA","NA","10028434"
"9",10,"Returned","AM,SS","100","29201","29300",99,0.89,0.8848,0.8871,"NA","NA","10029201"
"9",10,"Returned","AM,SS","100","32801","32900",15,0.8639,0.865,0.863,"NA","NA","10032801"
"9",10,"Returned","AM,SS","100","38892","38895",4,0.8598,0.8579,0.8578,"NA","NA","10038892"
"9",10,"Returned","AM,SS","100","40353","40362",10,0.8807,0.8778,0.8784,"NA","NA","10040353"
"9",10,"Returned","AM,SS","100","41661","41664",4,0.8675,0.8673,0.8679,"NA","NA","10041661"
"9",10,"Returned","AM,SS","101","00398","00398",1,2.7167,"NA","NA","NA","NA","10100398"
"9",10,"Returned","AM,SS","101","22501","22550",50,2.6204,2.6172,2.6116,"NA","NA","10122501"
"9",10,"Returned","AM,SS","101","22551","22600",50,2.5984,2.6036,2.6025,"NA","NA","10122551"
"9",10,"Returned","AM,SS","101","22601","22650",50,2.6168,2.5913,2.5975,"NA","NA","10122601"
"9",10,"Returned","AM,SS","101","22701","22750",50,2.6147,2.6133,2.6087,"NA","NA","10122701"
"9",10,"Returned","AM,SS","101","22751","22800",50,2.6178,2.6007,2.6136,"NA","NA","10122751"
"9",10,"Returned","AM,SS","101","22839","22850",12,2.6209,2.623,2.6194,"NA","NA","10122839"
"9",10,"Returned","AM,SS","101","22851","22900",50,2.6334,2.6148,2.6092,"NA","NA","10122851"
"9",10,"Returned","AM,SS","101","22901","22950",50,2.5999,2.6103,2.6025,"NA","NA","10122901"
"9",10,"Returned","AM,SS","101","22951","22300",50,2.6152,2.6041,2.6215,"NA","NA","10122951"
"7",11,"Returned","AM,SS","110","01823","01900",76,1.5058,1.5196,1.5158,"NA","NA","11001823"
"7",11,"Returned","AM,SS","110","31907","32000",94,1.5472,1.5567,1.5456,"NA","NA","11031907"
"7",11,"Returned","AM,SS","110","37353","37400",47,1.5093,1.5309,1.5123,"NA","NA","11037353"
"7",11,"Returned","AM,SS","110","41776","41785",7,1.5129,1.5163,1.511,"NA","NA","11041776"
"7",11,"Returned","AM,SS","110","42501","42600",100,1.5121,1.5203,1.5215,"NA","NA","11042501"
"7",11,"Returned","AM,SS","110","47701","47750",50,1.4937,1.5262,1.4951,"NA","NA","11047701"
"7",11,"Returned","AM,SS","110","51402","51420",18,1.5137,1.506,1.5255,"NA","NA","11051402"
"7",11,"Returned","AM,SS","110","87381","87400",20,3.5692,3.5696,3.5979,"NA","NA","11087381"
"7",11,"Returned","AM,SS","110","89397","89400",4,3.5846,3.5801,3.5899,"NA","NA","11089397"
"7",11,"Returned","AM,SS","110","09500","09500",1,1.4539,"NA","NA","NA","NA","11009500"
"7",11,"Returned","AM,SS","111","01428","01430",3,3.5281,3.5303,3.5321,"NA","NA","11101428"
"6",12,"Returned","SS,AM,ML","121","10805","10810",6,4.477,4.4774,4.4765,"NA","NA","12110805"
"6",12,"Returned","SS,AM,ML","121","12253","12260",8,4.5837,4.5883,4.583,"NA","NA","12112253"
"6",12,"Returned","SS,AM,ML","121","25051","25100",50,4.5836,4.564,4.5777,"NA","NA","12125051"
"6",12,"Returned","SS,AM,ML","121","26661","26750",90,4.4962,4.553,4.5485,"NA","NA","12126661"
"6",12,"Returned","SS,AM,ML","121","30731","30740",10,4.4687,4.4624,4.4604,"NA","NA","12130731"
"6",12,"Returned","SS,AM,ML","121","33711","33720",10,4.5772,4.5751,4.5837,"NA","NA","12133711"
"6",12,"Returned","SS,AM,ML","121","33791","33800",10,4.5861,4.5787,4.5806,"NA","NA","12133791"
"6",12,"Returned","SS,AM,ML","121","34701","34750",50,4.3176,4.298,4.2902,"NA","NA","12134701"
"6",12,"Returned","SS,AM,ML","121","34981","34990",10,4.3306,4.3191,4.3364,"NA","NA","12134981"
"6",12,"Returned","SS,AM,ML","121","40661","40760",100,4.4711,4.4809,4.4951,"NA","NA","12140661"
"6",12,"Returned","SS,AM,ML","120","07805","07810",6,1.9028,1.9015,1.9037,"NA","NA","12007805"
"6",12,"Returned","SS,AM,ML","120","38584","38600",17,2.0404,2.0324,2.0356,"NA","NA","12038584"
"6",12,"Returned","SS,AM,ML","120","39401","39450",50,2.0424,2.0501,2.038,"NA","NA","12039401"
"6",12,"Returned","SS,AM,ML","120","65081","65100",20,2.0612,2.0544,2.0666,"NA","NA","12065081"
"6",12,"Returned","SS,AM,ML","120","49957","50000",44,2.053,2.0481,2.0252,"NA","NA","12049957"
"6",12,"Returned","SS,AM,ML","120","43098","43100",2,2.0287,2.0175,"NA","NA","NA","12043098"
"6",12,"Returned","SS,AM,ML","120","21001","24871",2,1.8261,1.8265,"NA","NA","NA","12021001"
"6",12,"Returned","SS,AM,ML","120","24994","25000",6,1.8259,1.8248,1.8285,"NA","NA","12024994"
"6",12,"Returned","SS,AM,ML","120","33726","33731",6,2.0464,2.0455,2.0423,"NA","NA","12033726"
"6",12,"Returned","SS,AM,ML","120","18342","18344",3,1.7788,1.7856,1.7762,"NA","NA","12018342"
"3",13,"Returned","SS,ML","131","72901","07300",100,4.8863,4.8911,4.8811,"NA","NA","13172901"
"3",13,"Returned","SS,ML","131","74731","74750",20,4.8794,4.887,4.8623,"NA","NA","13174731"
"3",13,"Returned","SS,ML","131","76167","76200",25,5.146,5.1594,5.1465,"NA","NA","13176167"
"3",13,"Returned","SS,ML","131","70193","70200",8,4.8851,4.8879,4.8928,"NA","NA","13170193"
"3",13,"Returned","SS,ML","131","80405","80409",5,5.1469,5.1427,5.1521,"NA","NA","13180405"
"3",13,"Returned","SS,ML","131","70752","70800",49,4.9209,4.9,4.9176,"NA","NA","13170752"
"3",13,"Returned","SS,ML","131","60673","60680",8,5.1251,5.1237,5.1234,"NA","NA","13160673"
"3",13,"Returned","SS,ML","131","60612","60612",1,5.1211,"NA","NA","NA","NA","13160612"
"3",13,"Returned","SS,ML","131","70809","70810",2,4.9133,4.9013,"NA","NA","NA","13170809"
"3",13,"Returned","SS,ML","131","79551","79600",50,5.1257,5.1292,5.1376,"NA","NA","13179551"
"3",13,"Returned","SS,ML","130","23940","23945",6,3.809,3.792,3.8027,"NA","NA","13023940"
"3",13,"Returned","SS,ML","130","26514","26514",1,3.7962,"NA","NA","NA","NA","13026514"
"3",13,"Returned","SS,ML","130","50656","50700",45,5.7099,5.6852,5.7072,"NA","NA","13050656"
"3",13,"Returned","SS,ML","132","18266","18270",5,4.9009,4.9011,4.8939,"NA","NA","13218266"
"4",13,"Returned","AM","130","01452","01454",3,4.3074,4.3091,4.3034,"NA","NA","13001452"
"4",13,"Returned","AM","130","10953","11000",48,3.0371,3.0165,3.0156,"NA","NA","13010953"
"4",13,"Returned","AM","130","13851","13900",50,3.8755,3.8781,3.8882,"NA","NA","13013851"
"4",13,"Returned","AM","130","18558","18600",43,3.796,3.8279,3.8435,"NA","NA","13018558"
"4",13,"Returned","AM","130","26190","26200",11,3.8091,3.7807,3.7867,"NA","NA","13026190"
"4",13,"Returned","AM","130","33388","33400",13,3.8167,3.8176,3.8097,"NA","NA","13033388"
"4",13,"Returned","AM","130","39291","39300",10,3.794,3.7838,3.789,"NA","NA","13039291"
"4",13,"Returned","AM","130","39384","39400",16,3.7787,3.7796,3.7741,"NA","NA","13039384"
"4",13,"Returned","AM","130","42326","42400",75,3.8767,3.8818,3.8765,"NA","NA","13042326"
"4",13,"Returned","AM","130","49701","49800",100,3.8231,3.8468,3.8285,"NA","NA","13049701"
"4",13,"Returned","AM","131","35008","35010",3,2.6037,2.5981,2.6052,"NA","NA","13135008"
"4",13,"Returned","AM","131","36251","36360",110,2.5951,2.6095,2.6021,"NA","NA","13136251"
"13",14,"Returned","SS","140","52853","52900",48,5.9527,5.9387,5.9367,"NA","NA","14052853"
"13",14,"Returned","ML","140","42403","42403",1,6.9142,"NA","NA","NA","NA","14042403"
"13",14,"Returned","ML","140","42404","42500",97,6.9294,6.9059,6.9033,"NA","NA","14042404"
"1B",15,"Returned","Various","150","34805","34807",3,6.892,6.894,6.884,"NA","NA","15034805"
"13",15,"Returned","SS","150","38472","38480",9,6.8964,6.9204,6.8918,"NA","NA","15038472"
"13",15,"Returned","SS","150","34953","34960",8,6.9065,6.8983,6.9075,"NA","NA","15034953"
"13",15,"Returned","SS","150","40891","40990",10,6.6071,606113,6.6114,"NA","NA","15040891"
"13",15,"Returned","AM","150","07403","07410",7,5.1713,5.1597,5.1362,"NA","NA","15007403"
"13",15,"Returned","SS","150","32886","32900",14,6.892,6.8906,6.8904,"NA","NA","15032886"
"13",15,"Returned","AM","150","07055","07060",8,5.0843,5.0642,5.1049,"NA","NA","15007055"
"1B",16,"Returned","Various","162","42351","42650",300,1.0157,1.0271,1.0132,"NA","NA","16242351"
"1B",16,"Returned","Various","162","13806","13810",5,1.071,1.0719,1.0721,"NA","NA","16213806"
"1B",16,"Returned","Various","162","17701","17750",50,1.0631,1.0679,1.064,"NA","NA","16217701"
"1B",16,"Returned","Various","162","17151","17200",50,1.0416,1.0409,1.0426,"NA","NA","16217151"
"1B",16,"Returned","Various","162","18011","18050",40,1.0402,1.0391,1.0403,"NA","NA","16218011"
"1B",16,"Returned","Various","162","26451","26500",50,1.0624,1.0626,1.0608,"NA","NA","16226451"
"1B",16,"Returned","Various","161","13003","13100",94,1.5798,1.5319,1.6556,"NA","NA","16113003"
"1B",16,"Returned","Various","161","88011","88050",40,1.0171,1.0212,1.0184,"NA","NA","16188011"
"1B",17,"Returned","Various","170","08399","08399",1,10.0297,"NA","NA","NA","NA","17008399"
"1B",19,"Returned","Various","190","20023","20100",37,1.8884,1.8855,1.8835,"NA","NA","19020023"
"1B",19,"Returned","Various","190","35465","35480",16,2.0226,2.0203,2.0245,"NA","NA","19035465"
"1B",19,"Returned","Various","190","44901","45000",100,2.0453,2.0151,2.0447,"NA","NA","19044901"
"1B",19,"Returned","Various","190","45268","45300",33,2.0316,2.025,2.0235,"NA","NA","19045268"
"1B",19,"Returned","Various","190","97466","97600",135,1.8396,1.8661,1.812,"NA","NA","19097466"
"1B",20,"Returned","Various","200","12039","12039",1,1.2457,"NA","NA","NA","NA","20012039"
"NR",1,"Retained","AY","016","72001","72010",10,0.0436,0.0435,0.0434,"NA","NA","01672001"
"NR",1,"Retained","AY","016","84001","84010",10,0.0434,0.0434,0.0435,"NA","NA","01684001"
"NR",1,"Retained","AY","016","96001","96010",10,0.0434,0.043,0.0439,"NA","NA","01696001"
"NR",1,"Retained","AY","016","88001","88010",10,0.0432,0.0436,0.0439,"NA","NA","01688001"
"NR",1,"Retained","AY","016","92001","92010",10,0.0432,0.0434,0.0437,"NA","NA","01692001"
"NR",1,"Retained","AY","016","78001","78010",10,0.0431,0.043,0.0436,"NA","NA","01678001"
"NR",1,"Retained","AY","016","94001","94010",10,0.0435,0.0439,0.0434,"NA","NA","01694001"
"NR",1,"Retained","AY","016","62001","62010",10,0.0436,0.0435,0.0436,"NA","NA","01662001"
"NR",1,"Retained","AY","016","98001","98010",10,0.0431,0.0438,0.0433,"NA","NA","01698001"
"NR",1,"Retained","AY","016","68001","68010",10,0.0434,0.0436,0.0439,"NA","NA","01668001"
"NR",1,"Retained",,"017","35001","35010",10,0.0442,0.0441,0.0438,"NA","NA","01735001"
"NR",1,"Retained",,"017","19001","19010",10,0.0425,0.0422,0.0431,"NA","NA","01719001"
"NR",1,"Retained",,"017","13001","13010",10,0.0421,0.0426,0.0423,"NA","NA","01713001"
"NR",3,"Retained","AY","032","07001","07010",10,0.075,0.0762,0.0758,"NA","NA","03207001"
"NR",3,"Retained","IN","032","42001","42010",10,0.1487,0.1661,0.1487,"NA","NA","03242001"
"NR",3,"Retained",,"032","83001","83010",10,0.0714,0.072,0.0724,"NA","NA","03283001"
"NR",3,"Retained",,"032","28301","28310",10,0.1508,0.1569,0.156,"NA","NA","03228301"
"NR",3,"Retained","IN","032","52001","52010",10,0.1639,0.1618,0.1609,"NA","NA","03252001"
"NR",3,"Retained","IN","032","23251","23270",10,0.1704,0.1709,0.1666,"NA","NA","03223251"
"NR",3,"Retained","IN","032","39991","40000",10,0.1652,0.1625,0.1647,"NA","NA","03239991"
"NR",3,"Retained","IN","032","51001","51010",10,0.1607,0.1588,0.1602,"NA","NA","03251001"
"NR",3,"Retained","IN","032","61001","61010",10,0.1572,0.1577,0.1579,"NA","NA","03261001"
"NR",3,"Retained","IN","032","47991","48000",10,0.1619,0.1549,0.1713,"NA","NA","03247991"
"NR",3,"Retained",,"033","23001","23010",10,0.072,0.0715,0.0719,"NA","NA","03323001"
"NR",3,"Retained","IN","033","43001","43010",10,0.1582,0.1611,0.162,"NA","NA","03343001"
"NR",3,"Retained","IN","033","67001","67010",10,0.1621,0.1614,0.1646,"NA","NA","03367001"
"NR",3,"Retained","IN","033","70001","70010",10,0.159,0.161,0.1625,"NA","NA","03370001"
"NR",3,"Retained","IN","033","66001","66010",10,0.1592,0.1646,0.1636,"NA","NA","03366001"
"NR",3,"Retained","AY","033","07001","07010",10,0.0723,0.0716,0.0722,"NA","NA","03307001"
"NR",3,"Retained","AY","033","51001","51010",10,0.0734,0.0735,0.0729,"NA","NA","03351001"
"NR",3,"Retained","AY","033","94001","94010",10,0.0719,0.0721,0.0719,"NA","NA","03394001"
"NR",3,"Retained","IN","033","71001","71010",10,0.1657,0.1684,0.1652,"NA","NA","03371001"
"NR",3,"Retained","IN","033","81001","81010",10,0.1673,0.1644,0.1678,"NA","NA","03381001"
"NR",2,"Retained","AL","022","76001","76010",10,0.0626,0.0625,0.0624,"NA","NA","02276001"
"NR",2,"Retained","AM","022","87101","87110",10,0.0643,0.0641,0.0644,"NA","NA","02287101"
"NR",2,"Retained",,"022","74001","74010",10,0.0632,0.0634,0.0633,"NA","NA","02274001"
"NR",2,"Retained","AL","022","75001","75010",10,0.062,0.0618,0.0621,"NA","NA","02275001"
"NR",2,"Retained",,"022","72991","73000",10,0.0619,0.0618,0.0616,"NA","NA","02272991"
"NR",2,"Retained","AL","022","69101","69110",10,0.0631,0.0632,0.0629,"NA","NA","02269101"
"NR",2,"Retained","AL","022","71990","71999",10,0.0621,0.0619,0.062,"NA","NA","02271990"
"NR",2,"Retained",,"022","52401","52410",10,0.0637,0.0636,0.0635,"NA","NA","02252401"
"NR",2,"Retained",,"022","65001","65010",10,0.0632,0.0631,0.0631,"NA","NA","02265001"
"NR",2,"Retained",,"022","62991","63000",10,0.0629,0.063,0.0632,"NA","NA","02262991"
"NR",18,"Retained",,"180","08601","08700",100,3.9893,3.742,3.8115,3.9615,3.9892,"18008601"
"NR",18,"Retained",,"180","08501","08600",100,3.8876,3.847,3.8316,3.7039,3.7711,"18008501"
"NR",18,"Retained",,"180","08901","09000",100,3.9403,3.9301,3.7842,3.8623,3.7554,"18008901"
"NR",18,"Retained",,"180","08801","08900",100,3.8467,4.0028,3.9332,3.9581,3.8805,"18008801"
"NR",18,"Retained",,"180","16501","16600",100,3.9107,3.9074,3.8393,3.7333,3.9413,"18016501"
"NR",18,"Retained",,"180","08701","08800",100,3.7413,3.7198,3.9299,4.0599,3.958,"18008701"
"NR",13,"Retained","SS","131","86991","87000",10,4.9398,4.9462,4.9533,"NA","NA","13186991"
"NR",13,"Retained","SS","131","87001","87010",10,4.9417,4.9366,4.9577,"NA","NA","13187001"
"NR",13,"Retained","SS","131","82001","82010",10,5.1416,5.1459,5.1235,"NA","NA","13182001"
"NR",13,"Retained","SS","131","76001","76010",10,5.1582,5.1457,5.1499,"NA","NA","13176001"
"NR",13,"Retained","SS","131","80001","80010",10,5.1579,5.1494,5.1474,"NA","NA","13180001"
"NR",13,"Retained","SS","131","79001","79010",10,5.1326,5.1294,5.1361,"NA","NA","13179001"
"NR",13,"Retained","SS","131","51991","52000",10,5.0939,5.0824,5.0861,"NA","NA","13151991"
"NR",13,"Retained","SS","131","47501","47510",10,5.0915,5.0797,5.0757,"NA","NA","13147501"
"NR",13,"Retained","SS","131","49001","49010",10,5.0951,5.0621,5.0686,"NA","NA","13149001"
"NR",13,"Retained","SS","131","55001","55010",10,5.0829,5.0703,5.0831,"NA","NA","13155001"
"NR",8,"Retained","AM","082","85001","85010",10,0.2991,0.2984,0.3011,"NA","NA","08285001"
"NR",8,"Retained","AM","082","81001","81010",10,0.2995,0.3005,0.2979,"NA","NA","08281001"
"NR",8,"Retained","AM","082","87001","87010",10,0.2986,0.2983,0.3007,"NA","NA","08287001"
"NR",8,"Retained","AM","082","79001","79010",10,0.2973,0.2976,0.2973,"NA","NA","08279001"
"NR",8,"Retained","AM","082","88001","88010",10,0.3017,0.3024,0.3,"NA","NA","08288001"
"NR",8,"Retained","SS","082","94001","94010",10,0.7845,0.7849,0.7845,"NA","NA","08294001"
"NR",8,"Retained","SS","082","91001","91010",10,0.7897,0.7915,0.7907,"NA","NA","08291001"
"NR",8,"Retained","SS","082","95001","95010",10,0.7973,0.7966,0.7982,"NA","NA","08295001"
"NR",8,"Retained","SS","082","90001","90010",10,0.7983,0.798,0.7994,"NA","NA","08290001"
"NR",8,"Retained","SS","082","89001","89010",10,0.786,0.7873,0.7873,"NA","NA","08289001"
"NR",19,"Retained","SS","190","41001","41015",15,2.0442,2.0431,2.0386,"NA","NA","19041001"
"NR",19,"Retained","SS","190","64001","64010",10,1.8518,1.855,1.8548,"NA","NA","19064001"
"NR",19,"Retained","SS","190","40991","41000",10,2.0381,2.0328,2.0349,"NA","NA","19040991"
"NR",19,"Retained","SS","190","32001","32010",10,2.048,2.0483,2.0459,"NA","NA","19032001"
"NR",19,"Retained","SS","190","01493","01500",8,2.0554,2.0496,2.0498,"NA","NA","19001493"
"NR",19,"Retained","SS","190","55501","55510",10,1.8675,1.866,1.8554,"NA","NA","19055501"
"NR",19,"Retained","SS","190","13901","13910",10,1.8787,1.8797,1.8822,"NA","NA","19013901"
"NR",19,"Retained","SS","190","12701","12710",10,1.8933,1.8832,1.8796,"NA","NA","19012701"
"NR",19,"Retained","SS","190","43001","43015",15,2.0371,2.0382,2.0322,"NA","NA","19043001"
"NR",19,"Retained","SS","190","39001","39010",10,2.0394,2.0383,2.0394,"NA","NA","19039001"
"NR",21,"Retained","SS","210","06001","06010",10,1.478,1.478,1.4792,"NA","NA","21006001"
"NR",21,"Retained","SS","210","06991","07000",10,1.4708,1.4681,1.467,"NA","NA","21006991"
"NR",21,"Retained","SS","210","07001","07010",10,1.4888,1.49,1.4892,"NA","NA","21007001"
"NR",21,"Retained","SS","210","07991","08000",10,1.4775,1.4759,1.4769,"NA","NA","21007991"
"NR",21,"Retained","SS","210","08001","08015",15,1.4933,1.4865,1.4831,"NA","NA","21008001"
"NR",21,"Retained","SS","210","09001","09015",15,1.4811,1.4786,1.4703,"NA","NA","21009001"
"NR",21,"Retained","SS","210","10001","10015",15,1.4822,1.4708,1.4833,"NA","NA","21010001"
"NR",21,"Retained","SS","210","12001","12015",15,1.4715,1.4683,1.4678,"NA","NA","21012001"
"NR",21,"Retained","SS","210","13001","13015",15,1.491,1.4873,1.4797,"NA","NA","21013001"
"NR",21,"Retained","SS","210","02251","02260",10,1.4397,1.4416,1.4327,"NA","NA","21002251"
"NR",20,"Retained","SS","200","15991","16000",10,1.2554,1.264,1.2551,"NA","NA","20015991"
"NR",20,"Retained","SS","200","15001","15010",10,1.2561,1.2554,1.2572,"NA","NA","20015001"
"NR",20,"Retained","SS","200","08991","09000",10,1.2324,1.2408,1.2342,"NA","NA","20008991"
"NR",20,"Retained","SS","200","08001","08015",15,1.2528,1.2538,1.2571,"NA","NA","20008001"
"NR",20,"Retained","SS","200","13991","14000",10,1.2637,1.2654,1.2609,"NA","NA","20013991"
"NR",20,"Retained","SS","200","14991","15000",10,1.2835,1.2808,1.2845,"NA","NA","20014991"
"NR",20,"Retained","SS","200","14001","14010",10,1.2664,1.2615,1.2634,"NA","NA","20014001"
"NR",20,"Retained","SS","200","13001","13010",10,1.2696,1.269,1.2697,"NA","NA","20013001"
"NR",27,"Retained","SS","270","09991","10000",10,3.887,3.8856,3.8925,"NA","NA","27009991"
"NR",27,"Retained","SS","270","08002","08010",9,3.8852,3.8862,3.8817,"NA","NA","27008002"
"NR",27,"Retained","SS","270","09001","09010",10,3.9256,3.9254,3.9254,"NA","NA","27009001"
"NR",7,"Retained","AM","072","27001","27015",15,0.254,0.253,0.2532,"NA","NA","07227001"
"NR",7,"Retained",,"072","05001","05015",15,0.2571,0.2571,0.2562,"NA","NA","07205001"
"NR",7,"Retained","IN","072","32001","32010",10,0.6529,0.6394,0.6426,"NA","NA","07232001"
"NR",7,"Retained","IN","072","12991","13000",10,0.6472,0.6324,0.6502,"NA","NA","07212991"
"NR",7,"Retained","AM","072","24001","24010",10,0.254,0.2568,0.257,"NA","NA","07224001"
"NR",7,"Retained","IN","072","10001","10015",15,0.6012,0.602,0.5938,"NA","NA","07210001"
"NR",7,"Retained","SS","072","34991","35000",10,0.778,0.7779,0.7787,"NA","NA","07234991"
"NR",25,"Retained","SS","250","09001","09010",10,0.9659,0.9646,0.9639,"NA","NA","25009001"
"NR",25,"Retained","SS","250","08991","09000",10,0.9681,0.966,0.966,"NA","NA","25008991"
"NR",25,"Retained","SS","250","08001","08010",10,0.9685,0.9684,0.9674,"NA","NA","25008001"
"NR",25,"Retained","SS","250","09991","10000",10,0.9661,0.9669,0.9536,"NA","NA","25009991"
"NR",22,"Retained","SS","220","03990","04000",11,1.7588,1.759,1.7623,"NA","NA","22003990"
"NR",22,"Retained","SS","220","03501","03510",10,1.7532,1.7533,1.7466,"NA","NA","22003501"
"NR",22,"Retained","SS","220","04991","05000",10,1.7555,1.7456,1.757,"NA","NA","22004991"
"NR",22,"Retained","SS","220","04001","04010",10,1.8048,1.8153,1.8003,"NA","NA","22004001"
"NR",22,"Retained","SS","220","02001","02010",10,1.7443,1.7411,1.7451,"NA","NA","22002001"
"NR",9,"Retained","SS","091","14001","14010",10,2.2039,2.2046,2.2024,"NA","NA","09114001"
"NR",9,"Retained","SS","091","19001","19010",10,2.1742,2.1732,2.1742,"NA","NA","09119001"
"NR",9,"Retained","SS","091","12001","12010",10,2.2395,2.2394,2.2377,"NA","NA","09112001"
"NR",9,"Retained","SS","091","10001","10010",10,2.1201,2.1153,2.1204,"NA","NA","09110001"
"NR",9,"Retained","SS","091","22001","22010",10,2.1537,2.161,2.1545,"NA","NA","09122001"
"NR",9,"Retained","SS","091","07991","08000",10,2.2567,2.2557,2.2527,"NA","NA","09107991"
"NR",9,"Retained","SS","091","13536","13550",15,2.2446,2.2421,2.247,"NA","NA","09113536"
"NR",9,"Retained","SS","091","08001","08010",10,2.2392,2.2363,2.2354,"NA","NA","09108001"
"NR",9,"Retained","SS","091","18001","18015",15,2.2352,2.2331,2.2373,"NA","NA","09118001"
"NR",9,"Retained","SS","091","28991","29000",10,2.2301,2.2277,2.2302,"NA","NA","09128991"
"NR",12,"Retained",,"120","01006","01032",27,1.8532,1.8489,1.8506,"NA","NA","12001006"
"NR",12,"Retained",,"120","21815","21900",86,1.7957,1.8163,1.8152,"NA","NA","12021815"
"NR",12,"Retained",,"120","11863","11900",38,1.8228,1.8171,1.822,"NA","NA","12011863"
"NR",12,"Retained",,"120","09705","09800",96,1.9054,1.9001,1.8877,"NA","NA","12009705"
"NR",12,"Retained",,"120","36119","36195",77,2.0701,2.0307,2.0746,"NA","NA","12036119"
"NR",12,"Retained",,"120","39908","40000",93,2.0517,2.0444,2.0501,"NA","NA","12039908"
"NR",12,"Retained",,"120","29927","30000",74,1.8275,1.8281,1.8296,"NA","NA","12029927"
"NR",12,"Retained",,"120","49712","49800",89,2.0348,2.0341,2.0369,"NA","NA","12049712"
"NR",12,"Retained",,"120","18207","18300",94,1.8082,1.8117,1.7849,"NA","NA","12018207"
"NR",12,"Retained",,"120","42016","42100",85,2.0296,2.024,2.0448,"NA","NA","12042016"
"NR",10,"Retained",,"100","93001","93010",10,2.6718,2.6634,2.6722,"NA","NA","10093001"
"NR",10,"Retained",,"100","92001","92010",10,2.6105,2.6104,2.6071,"NA","NA","10092001"
"NR",10,"Retained",,"100","93991","94000",10,2.6673,2.6553,2.6622,"NA","NA","10093991"
"NR",10,"Retained",,"100","92991","93000",10,2.6637,2.6572,2.6588,"NA","NA","10092991"
"NR",6,"Retained",,"062","28001","28010",10,0.1668,0.1686,0.1672,"NA","NA","06228001"
"NR",6,"Retained","AY","062","18001","18010",10,0.1692,0.1651,0.1663,"NA","NA","06218001"
"NR",6,"Retained","AY","062","20001","20010",10,0.1665,0.1678,0.1677,"NA","NA","06220001"
"NR",6,"Retained","AY","062","30001","30010",10,0.1649,0.164,0.1663,"NA","NA","06230001"
"NR",6,"Retained","AY","062","06001","06015",15,0.169,0.1659,0.1712,"NA","NA","06206001"
"NR",6,"Retained","AY","062","22001","22010",10,0.1669,0.1633,0.1675,"NA","NA","06222001"
"NR",6,"Retained","AY","062","24001","24010",10,0.1673,0.1673,0.1646,"NA","NA","06224001"
"NR",6,"Retained","AY","062","26001","26010",10,0.1669,0.1661,0.1668,"NA","NA","06226001"
"NR",6,"Retained","IN","062","10001","10010",10,0.2439,0.2481,0.2496,"NA","NA","06210001"
"NR",6,"Retained",,"062","13001","13010",10,0.2442,0.2456,0.2406,"NA","NA","06213001"
"NR",6,"Retained","AY","061","98001","98015",15,0.164,0.1677,0.1657,"NA","NA","06198001"
"NR",6,"Retained","IN","061","45991","46000",10,0.2364,0.2332,0.2312,"NA","NA","06145991"
"NR",6,"Retained","AY","061","77001","77010",10,0.1672,0.1694,0.1692,"NA","NA","06177001"
"NR",6,"Retained","IN","061","94001","94015",15,0.2405,0.2311,0.241,"NA","NA","06194001"
"NR",6,"Retained","AY","061","52001","52010",10,0.1502,0.1494,0.1504,"NA","NA","06152001"
"NR",6,"Retained","SS","061","75991","76000",10,0.6582,0.6588,0.658,"NA","NA","06175991"
"NR",6,"Retained","SS","061","35951","35970",20,0.6332,0.6337,0.6346,"NA","NA","06135951"
"NR",6,"Retained","SS","061","36001","36020",20,0.6023,0.5984,0.6,"NA","NA","06136001"
"NR",6,"Retained","AM","061","11101","11120",20,0.2345,0.2356,0.2356,"NA","NA","06111101"
"NR",6,"Retained",,"061","62001","62015",15,0.1782,0.1805,0.1777,"NA","NA","06162001"
"NR",5,"Retained","SS","051","14991","15000",10,0.3226,0.3217,0.3243,"NA","NA","05114991"
"NR",5,"Retained","IN","051","40001","40015",15,0.2103,0.2091,0.2115,"NA","NA","05140001"
"NR",5,"Retained","IN","051","81001","81015",15,0.2242,0.2218,0.2285,"NA","NA","05181001"
"NR",5,"Retained","IN","051","27991","28000",10,0.2242,0.2137,0.2098,"NA","NA","05127991"
"NR",5,"Retained","SS","051","16001","16010",10,0.3186,0.3191,0.3193,"NA","NA","05116001"
"NR",5,"Retained","AY","051","50991","51000",10,0.1073,0.1112,0.1073,"NA","NA","05150991"
"NR",5,"Retained","AY","051","33001","33015",15,0.108,0.1057,0.1073,"NA","NA","05133001"
"NR",5,"Retained","IN","051","23991","24000",10,0.2105,0.2107,0.212,"NA","NA","05123991"
"NR",5,"Retained","IN","051","57004","57015",12,0.2158,0.2112,0.2173,"NA","NA","05157004"
"NR",5,"Retained","AY","051","76001","76010",10,0.1048,0.1046,0.1052,"NA","NA","05176001"
"NR",5,"Retained","AM","050","76001","76100",100,0.1971,0.1974,0.1972,"NA","NA","05076001"
"NR",5,"Retained","AM","050","11101","11200",79,0.2,0.2,0.2001,"NA","NA","05011101"
"NR",5,"Retained","AM","050","24110","24197",88,0.2021,0.2056,0.2044,"NA","NA","05024110"
"NR",5,"Retained","AM","050","28104","28150",47,0.2005,0.2008,0.1999,"NA","NA","05028104"
"NR",5,"Retained","ML","050","69620","69700",81,0.3039,0.3036,0.303,"NA","NA","05069620"
"NR",5,"Retained","ML","050","47827","47900",74,0.3034,0.305,0.3047,"NA","NA","05047827"
"NR",5,"Retained","AL","050","00416","00435",20,0.211,0.2092,0.2105,"NA","NA","05000416"
"NR",5,"Retained","ML","050","44120","44125",6,0.2995,0.2998,0.2995,"NA","NA","05044120"
"NR",5,"Retained","AM","050","89001","89010",10,0.1976,0.1988,0.1991,"NA","NA","05089001"
"NR",5,"Retained","ML","050","30371","30400",30,0.3035,0.3033,0.3025,"NA","NA","05030371"
